forehead width (cm),jaw width (cm),face length (cm),face width (cm),face shape,best hairstyle
13.8,13.2,17.9,15.0,Square,Layered Waves
13.3,13.4,19.5,13.7,Oblong,Curtain Bangs
14.4,12.9,16.3,14.9,Square,Side Part
14.4,10.2,18.1,13.6,Oval,Long Layers
15.0,9.8,17.4,13.9,Oval,Wavy Bob
14.7,10.5,19.1,13.6,Oval,Long Layers
13.7,13.1,16.9,13.8,Round,Pixie Cut
13.9,13.3,18.9,13.6,Oblong,Shoulder Length Waves
12.3,13.6,18.0,13.5,Diamond,Asymmetrical Bob
13.5,14.2,17.7,13.5,Round,Long Straight
14.4,10.7,17.4,13.8,Oval,Wavy Bob
13.5,14.4,16.9,14.5,Round,Pixie Cut
14.0,14.4,17.2,14.0,Square,Soft Curls
14.0,12.7,16.9,14.9,Round,Pixie Cut
15.0,10.9,20.2,13.0,Oval,Wavy Bob
14.6,13.5,19.6,12.6,Oblong,Choppy Layers
14.5,13.4,17.0,14.6,Square,Soft Curls
14.6,10.2,17.8,12.9,Oval,Wavy Bob
14.2,14.1,16.7,13.4,Square,Side Part
14.8,14.0,17.4,13.5,Round,Long Straight
15.0,10.6,19.0,13.8,Oval,Side Swept Bangs
14.3,11.5,17.6,13.9,Heart,Side Bangs
14.8,10.6,18.6,13.2,Oval,Side Swept Bangs
13.9,12.3,17.8,13.5,Heart,Chin-Length Bob
14.1,12.7,19.6,13.1,Oblong,Choppy Layers
14.8,14.3,17.4,14.1,Square,Soft Curls
14.4,11.6,17.8,13.8,Heart,Side Bangs
15.0,10.4,18.0,13.9,Oval,Wavy Bob
14.5,11.7,18.3,13.6,Heart,Side Bangs
14.0,13.4,18.3,13.6,Diamond,Fringe
14.2,13.3,19.0,13.5,Oblong,Choppy Layers
14.1,13.7,18.7,13.4,Oblong,Choppy Layers
13.6,14.2,16.6,14.7,Round,Pixie Cut
14.0,12.9,16.4,14.1,Round,Long Straight
14.4,11.1,18.6,14.1,Heart,Chin-Length Bob
13.9,13.6,17.3,13.5,Square,Layered Waves
14.3,13.0,17.7,13.4,Round,Layered Bob
14.6,11.9,17.1,13.5,Heart,Chin-Length Bob
14.5,13.4,19.3,12.9,Oblong,Curtain Bangs
15.0,11.5,17.9,12.9,Heart,Textured Lob
13.9,12.3,19.3,14.0,Diamond,Asymmetrical Bob
13.6,13.3,18.3,14.4,Diamond,Tousled Waves
15.0,13.9,17.7,14.1,Square,Soft Curls
15.2,10.2,17.9,14.1,Oval,Wavy Bob
14.4,12.9,17.4,14.2,Round,Long Straight
14.4,13.3,19.6,13.6,Oblong,Shoulder Length Waves
14.4,11.8,17.0,13.4,Heart,Side Bangs
13.3,13.9,18.3,14.6,Diamond,Fringe
13.8,13.6,19.1,13.2,Oblong,Curtain Bangs
15.3,10.2,19.0,13.9,Oval,Long Layers
13.1,12.4,17.7,13.8,Diamond,Tousled Waves
13.6,14.1,17.2,14.0,Square,Soft Curls
14.1,13.1,18.8,13.2,Oblong,Shoulder Length Waves
14.0,13.5,18.1,15.0,Square,Side Part
14.2,13.6,17.9,13.1,Oblong,Choppy Layers
12.8,12.9,17.6,13.6,Diamond,Tousled Waves
14.5,12.7,18.5,12.9,Oblong,Curtain Bangs
13.9,10.3,17.9,13.7,Oval,Side Swept Bangs
14.3,12.8,18.5,13.6,Oblong,Curtain Bangs
14.0,13.9,17.4,14.5,Round,Layered Bob
14.7,13.0,17.3,13.4,Round,Layered Bob
13.1,14.2,17.2,14.1,Square,Soft Curls
14.9,12.1,18.1,13.6,Heart,Side Bangs
14.0,13.6,18.8,13.2,Oblong,Curtain Bangs
14.8,13.3,16.9,14.2,Square,Soft Curls
14.3,11.6,17.7,13.5,Heart,Textured Lob
13.7,13.2,18.7,14.2,Diamond,Fringe
13.7,14.4,17.8,13.1,Square,Side Part
14.5,12.2,18.5,13.4,Heart,Textured Lob
14.1,13.6,17.4,14.3,Square,Side Part
14.4,13.3,18.6,13.2,Oblong,Choppy Layers
13.1,13.9,16.7,13.6,Round,Long Straight
14.0,12.5,17.4,14.1,Square,Side Part
13.1,13.7,17.0,14.6,Square,Layered Waves
15.3,9.9,18.2,13.5,Oval,Long Layers
14.2,13.3,18.9,12.9,Oblong,Choppy Layers
14.5,10.6,18.9,13.3,Oval,Side Swept Bangs
14.2,13.8,16.8,14.3,Round,Layered Bob
14.1,13.4,18.0,13.1,Round,Long Straight
13.7,10.6,18.3,13.1,Oval,Side Swept Bangs
14.5,10.7,18.7,13.7,Oval,Side Swept Bangs
13.5,13.1,18.9,13.4,Diamond,Tousled Waves
13.6,13.8,16.3,14.6,Round,Long Straight
14.3,11.5,17.4,14.0,Heart,Side Bangs
14.0,12.5,17.8,13.8,Diamond,Tousled Waves
15.3,9.7,19.5,13.6,Oval,Wavy Bob
13.9,12.7,17.3,14.4,Round,Pixie Cut
13.7,13.5,16.7,14.7,Square,Soft Curls
14.2,13.5,17.2,14.2,Square,Soft Curls
13.3,12.8,17.7,14.3,Diamond,Asymmetrical Bob
14.2,14.2,17.4,13.1,Square,Soft Curls
13.5,13.0,17.2,13.6,Diamond,Asymmetrical Bob
14.6,11.6,17.4,13.3,Heart,Chin-Length Bob
14.4,10.5,18.8,14.0,Oval,Side Swept Bangs
12.9,14.0,18.1,14.4,Diamond,Tousled Waves
13.7,13.7,18.7,12.9,Diamond,Asymmetrical Bob
14.9,12.5,19.0,13.2,Oblong,Choppy Layers
13.3,13.5,18.0,14.2,Diamond,Fringe
13.7,14.2,17.0,13.4,Square,Layered Waves
14.3,10.5,19.3,13.6,Oval,Side Swept Bangs
14.5,11.4,18.1,13.3,Heart,Side Bangs
13.2,13.6,16.1,13.9,Round,Long Straight
13.4,13.5,18.1,13.2,Oblong,Curtain Bangs
14.4,14.0,16.4,13.5,Round,Layered Bob
14.1,13.3,16.8,14.2,Round,Layered Bob
14.6,12.9,18.6,12.7,Oblong,Choppy Layers
14.7,14.7,15.9,13.7,Square,Soft Curls
13.6,13.0,17.5,14.9,Round,Pixie Cut
14.2,12.8,18.4,13.2,Oblong,Shoulder Length Waves
13.2,13.4,18.1,13.7,Diamond,Asymmetrical Bob
14.0,13.4,19.2,13.6,Oblong,Curtain Bangs
14.8,13.3,19.3,13.2,Oblong,Curtain Bangs
14.6,11.3,17.9,13.8,Heart,Side Bangs
14.2,13.3,17.0,14.0,Round,Pixie Cut
14.6,13.4,19.4,13.2,Oblong,Curtain Bangs
14.0,12.9,17.1,14.7,Round,Pixie Cut
14.2,14.6,17.8,13.9,Square,Layered Waves
13.4,13.0,18.5,13.6,Diamond,Asymmetrical Bob
14.1,13.4,19.0,13.4,Oblong,Shoulder Length Waves
13.2,12.8,18.6,14.3,Diamond,Fringe
15.1,12.4,17.7,13.2,Heart,Chin-Length Bob
14.1,13.4,18.0,13.4,Square,Layered Waves
14.2,11.1,17.9,12.8,Heart,Chin-Length Bob
13.2,13.8,17.0,13.3,Round,Pixie Cut
14.7,13.0,19.1,13.3,Oblong,Shoulder Length Waves
13.4,12.7,18.4,12.9,Oblong,Curtain Bangs
13.7,14.3,18.2,14.7,Square,Soft Curls
13.0,14.3,18.6,14.0,Diamond,Tousled Waves
14.4,14.0,18.1,14.3,Square,Layered Waves
13.6,13.0,18.4,14.4,Diamond,Asymmetrical Bob
15.3,13.0,19.8,13.2,Oblong,Choppy Layers
12.9,13.0,16.9,13.7,Round,Long Straight
14.3,13.7,17.1,14.5,Round,Layered Bob
13.9,13.9,17.0,13.4,Square,Side Part
14.5,13.1,19.0,12.5,Oblong,Curtain Bangs
15.0,13.3,19.4,12.7,Oblong,Shoulder Length Waves
14.4,10.2,18.7,12.8,Oval,Wavy Bob
14.2,13.4,18.2,13.6,Oblong,Curtain Bangs
14.8,11.7,17.2,13.8,Heart,Textured Lob
13.3,13.0,16.8,14.4,Round,Long Straight
13.5,13.6,17.7,14.0,Round,Pixie Cut
14.5,9.9,19.1,13.5,Oval,Long Layers
14.1,14.3,16.0,13.9,Round,Long Straight
14.4,11.5,18.0,12.5,Heart,Textured Lob
14.0,11.2,16.8,12.8,Heart,Chin-Length Bob
14.1,13.8,18.8,14.4,Square,Soft Curls
14.4,12.5,19.8,13.4,Oblong,Curtain Bangs
14.0,14.0,18.4,13.3,Diamond,Tousled Waves
13.8,13.5,17.0,14.0,Round,Pixie Cut
13.6,13.2,17.0,14.5,Round,Pixie Cut
14.4,10.5,18.5,13.0,Oval,Wavy Bob
14.9,11.9,17.7,13.8,Heart,Chin-Length Bob
14.1,10.5,18.6,13.4,Oval,Side Swept Bangs
14.0,13.1,18.2,13.9,Diamond,Tousled Waves
14.2,13.9,17.2,14.1,Square,Soft Curls
13.8,13.7,18.1,13.4,Diamond,Tousled Waves
14.5,14.0,18.0,14.7,Square,Soft Curls
14.6,12.9,18.3,13.4,Oblong,Curtain Bangs
14.0,11.7,18.5,13.8,Heart,Chin-Length Bob
14.9,13.6,18.0,14.3,Square,Layered Waves
14.6,10.8,17.3,13.4,Heart,Chin-Length Bob
13.8,13.1,17.0,14.0,Round,Pixie Cut
13.2,13.5,18.4,14.3,Diamond,Asymmetrical Bob
13.8,13.0,17.8,13.9,Round,Layered Bob
13.9,13.2,19.1,13.4,Oblong,Shoulder Length Waves
13.9,13.5,16.1,13.6,Round,Long Straight
13.6,14.1,17.5,13.1,Round,Long Straight
13.4,14.3,17.7,14.0,Square,Side Part
13.9,13.1,18.9,13.0,Oblong,Shoulder Length Waves
14.6,13.1,18.2,13.4,Oblong,Shoulder Length Waves
13.9,13.0,18.3,14.6,Diamond,Tousled Waves
13.7,13.8,17.2,13.9,Round,Long Straight
14.9,11.1,17.2,13.4,Heart,Side Bangs
14.5,11.2,18.4,13.3,Oval,Wavy Bob
14.9,10.5,18.2,12.7,Oval,Long Layers
13.8,14.0,17.5,14.0,Square,Soft Curls
13.9,13.0,19.1,13.5,Oblong,Choppy Layers
13.5,13.9,19.1,13.3,Oblong,Choppy Layers
13.3,12.8,19.4,13.7,Diamond,Tousled Waves
13.6,13.5,17.9,14.0,Round,Pixie Cut
13.4,14.0,19.8,13.2,Oblong,Shoulder Length Waves
14.1,12.3,17.1,14.5,Round,Layered Bob
14.7,11.4,17.6,13.0,Heart,Side Bangs
13.7,13.5,20.3,13.6,Oblong,Choppy Layers
13.5,13.5,17.0,14.1,Diamond,Fringe
14.8,12.3,18.9,13.5,Oblong,Shoulder Length Waves
13.3,14.6,16.9,13.9,Round,Long Straight
13.1,13.6,17.1,13.7,Square,Side Part
14.0,12.2,17.8,13.4,Heart,Side Bangs
14.6,10.8,18.2,13.4,Heart,Chin-Length Bob
13.7,13.4,17.5,13.9,Diamond,Fringe
15.2,11.3,17.9,12.6,Heart,Textured Lob
13.7,13.9,17.4,13.7,Square,Soft Curls
13.0,13.2,18.5,13.4,Diamond,Tousled Waves
13.2,14.3,16.9,13.8,Square,Layered Waves
14.5,14.1,16.3,14.0,Round,Layered Bob
13.7,13.7,17.2,13.9,Round,Long Straight
14.3,11.5,17.4,13.8,Heart,Side Bangs
14.4,13.5,17.6,13.5,Square,Side Part
14.2,13.8,16.7,13.3,Round,Pixie Cut
14.4,10.5,18.7,13.8,Oval,Wavy Bob
14.4,14.0,16.8,14.1,Round,Long Straight
13.5,13.2,17.5,13.6,Round,Long Straight
13.9,12.2,17.9,12.8,Oblong,Choppy Layers
14.4,14.4,17.4,13.3,Square,Side Part
13.5,14.1,18.1,14.2,Square,Side Part
13.5,12.4,17.4,14.1,Round,Layered Bob
13.9,11.2,18.8,13.9,Oval,Side Swept Bangs
14.0,10.6,18.6,13.8,Oval,Long Layers
14.2,12.9,18.1,13.8,Oblong,Curtain Bangs
12.8,12.8,18.0,14.0,Diamond,Tousled Waves
13.9,14.0,17.8,13.9,Square,Side Part
13.1,14.0,18.0,14.6,Square,Side Part
14.7,11.8,17.7,13.6,Heart,Chin-Length Bob
14.3,9.5,18.2,14.1,Oval,Long Layers
15.0,14.0,17.8,13.2,Square,Soft Curls
14.8,10.4,19.6,14.2,Oval,Wavy Bob
13.6,14.4,17.0,14.3,Square,Side Part
13.7,14.0,18.7,12.7,Oblong,Shoulder Length Waves
14.1,11.7,17.5,14.0,Heart,Textured Lob
13.1,13.3,16.3,13.7,Round,Long Straight
14.6,10.4,18.9,13.3,Oval,Side Swept Bangs
14.6,10.3,17.9,13.8,Oval,Side Swept Bangs
14.4,13.1,16.8,14.4,Round,Layered Bob
14.0,10.3,18.1,13.5,Oval,Wavy Bob
14.8,10.7,17.4,13.1,Heart,Side Bangs
13.9,13.6,19.5,12.9,Oblong,Shoulder Length Waves
14.5,11.6,17.4,13.9,Heart,Textured Lob
14.1,11.5,17.8,14.4,Heart,Textured Lob
13.9,12.7,19.1,13.4,Oblong,Choppy Layers
14.6,13.8,18.3,13.4,Oblong,Choppy Layers
13.8,13.5,17.5,14.7,Square,Layered Waves
13.5,13.5,18.0,14.0,Round,Long Straight
13.6,13.5,17.7,14.4,Round,Layered Bob
13.6,13.6,18.5,13.6,Diamond,Fringe
14.3,13.1,17.4,14.1,Square,Soft Curls
14.6,13.2,18.2,13.4,Oblong,Shoulder Length Waves
13.8,12.4,19.0,13.4,Oblong,Choppy Layers
14.0,13.5,18.6,13.8,Oblong,Shoulder Length Waves
14.2,11.5,16.8,14.4,Heart,Chin-Length Bob
14.6,11.1,18.3,13.7,Oval,Side Swept Bangs
14.1,14.0,16.9,15.0,Round,Layered Bob
14.6,13.9,17.7,14.3,Round,Pixie Cut
13.6,14.0,16.8,13.9,Round,Layered Bob
14.1,12.8,19.1,13.5,Oblong,Shoulder Length Waves
13.7,12.4,18.0,13.6,Diamond,Asymmetrical Bob
14.6,11.2,19.0,13.1,Heart,Side Bangs
14.0,13.5,18.2,12.9,Oblong,Curtain Bangs
13.3,13.0,19.3,13.5,Diamond,Asymmetrical Bob
13.7,13.5,19.9,13.6,Oblong,Curtain Bangs
13.4,13.0,18.3,13.5,Diamond,Fringe
13.4,12.6,17.1,13.3,Diamond,Fringe
14.5,13.4,17.4,14.3,Square,Side Part
13.3,13.7,18.8,13.3,Diamond,Fringe
14.5,13.9,17.4,13.2,Round,Long Straight
12.7,12.7,17.6,14.1,Round,Pixie Cut
13.4,13.7,18.0,13.6,Round,Long Straight
14.4,13.5,16.4,13.8,Round,Layered Bob
15.4,12.1,17.1,14.4,Heart,Chin-Length Bob
14.4,11.2,17.8,13.4,Heart,Side Bangs
15.1,10.2,18.9,13.8,Oval,Side Swept Bangs
13.7,13.6,18.7,13.7,Diamond,Asymmetrical Bob
14.3,13.3,17.7,14.3,Square,Layered Waves
13.4,13.6,16.8,14.5,Round,Layered Bob
14.8,13.0,19.2,13.8,Oblong,Shoulder Length Waves
15.0,11.3,18.0,14.2,Heart,Textured Lob
14.7,13.0,18.3,13.0,Oblong,Curtain Bangs
14.3,13.6,16.9,15.1,Square,Side Part
14.4,13.1,17.8,13.3,Oblong,Choppy Layers
14.3,13.1,19.4,13.1,Oblong,Shoulder Length Waves
12.6,14.3,17.1,13.9,Round,Layered Bob
14.2,10.1,19.5,13.9,Oval,Wavy Bob
13.3,12.9,17.7,14.3,Diamond,Fringe
14.1,10.4,18.1,13.4,Oval,Long Layers
14.4,11.5,17.6,14.0,Heart,Side Bangs
14.1,13.0,18.5,13.7,Oblong,Curtain Bangs
14.3,13.0,18.8,13.0,Oblong,Shoulder Length Waves
13.5,13.3,16.8,14.0,Round,Long Straight
14.2,14.4,17.8,14.0,Square,Soft Curls
13.0,13.3,18.4,14.0,Diamond,Asymmetrical Bob
14.3,14.0,18.9,13.0,Oblong,Choppy Layers
13.5,12.9,18.3,14.2,Diamond,Tousled Waves
13.5,13.7,16.9,13.7,Round,Pixie Cut
14.3,12.2,18.6,13.4,Heart,Textured Lob
13.6,14.0,18.7,13.4,Oblong,Curtain Bangs
15.0,10.1,18.3,13.2,Oval,Wavy Bob
13.8,13.2,19.2,13.6,Oblong,Choppy Layers
14.1,13.8,17.4,13.5,Round,Long Straight
14.5,10.8,17.6,13.7,Oval,Long Layers
13.9,13.8,17.8,14.5,Square,Side Part
13.9,13.6,16.9,14.3,Round,Layered Bob
14.2,12.1,18.3,14.3,Heart,Textured Lob
14.0,9.7,19.5,13.7,Oval,Wavy Bob
14.4,13.2,19.0,13.4,Oblong,Choppy Layers
15.3,10.4,18.5,13.1,Oval,Side Swept Bangs
14.3,10.6,18.0,13.3,Oval,Long Layers
13.8,13.4,19.1,14.6,Diamond,Fringe
15.0,12.5,17.0,12.8,Heart,Chin-Length Bob
15.1,11.6,18.2,13.4,Heart,Textured Lob
13.3,12.7,17.8,13.5,Diamond,Tousled Waves
14.3,13.3,18.8,13.4,Oblong,Choppy Layers
13.2,13.6,18.4,14.0,Diamond,Tousled Waves
13.5,13.4,17.7,13.3,Round,Pixie Cut
13.4,10.3,19.8,13.1,Oval,Long Layers
14.5,13.5,17.1,14.2,Round,Pixie Cut
14.2,14.7,17.7,13.2,Square,Soft Curls
15.2,11.8,17.6,12.9,Heart,Textured Lob
13.8,14.3,16.1,14.5,Round,Long Straight
13.6,12.7,18.4,13.6,Diamond,Asymmetrical Bob
14.3,13.4,16.7,14.8,Round,Pixie Cut
13.8,14.8,17.5,14.9,Square,Soft Curls
14.2,10.6,18.5,13.0,Heart,Side Bangs
14.4,9.9,18.3,13.2,Oval,Long Layers
13.6,13.2,17.0,13.7,Round,Long Straight
14.3,12.7,18.5,13.4,Oblong,Curtain Bangs
13.7,12.8,18.5,13.4,Diamond,Fringe
12.8,13.0,18.1,14.7,Diamond,Fringe
12.5,13.2,17.0,14.1,Round,Pixie Cut
15.0,11.3,17.8,13.6,Heart,Side Bangs
13.8,13.8,17.1,14.3,Diamond,Asymmetrical Bob
14.0,10.0,19.2,13.1,Oval,Long Layers
13.8,12.9,17.0,14.3,Round,Pixie Cut
13.5,13.2,18.2,13.7,Diamond,Asymmetrical Bob
13.7,13.1,16.4,13.9,Round,Pixie Cut
14.2,13.9,19.0,12.6,Oblong,Curtain Bangs
14.4,10.1,18.0,13.9,Oval,Long Layers
13.4,13.7,16.6,12.9,Round,Long Straight
14.8,10.5,19.3,13.4,Oval,Long Layers
14.5,13.3,19.0,13.7,Oblong,Choppy Layers
13.6,12.6,17.7,14.4,Diamond,Tousled Waves
14.4,12.6,19.7,13.1,Oblong,Shoulder Length Waves
14.4,10.3,18.2,13.6,Oval,Wavy Bob
13.8,10.7,17.4,12.3,Heart,Textured Lob
14.2,13.1,19.3,13.6,Oblong,Choppy Layers
13.8,14.5,17.8,13.3,Square,Layered Waves
13.5,14.0,17.1,14.4,Round,Layered Bob
14.6,13.4,18.6,12.8,Oblong,Choppy Layers
14.4,10.4,17.8,14.2,Oval,Long Layers
14.5,10.9,17.7,13.2,Heart,Textured Lob
13.6,14.5,17.5,14.1,Round,Long Straight
13.5,13.3,18.5,13.2,Diamond,Fringe
13.5,13.5,19.1,12.8,Oblong,Curtain Bangs
14.5,14.0,18.1,14.4,Square,Side Part
14.4,11.1,17.9,13.4,Oval,Wavy Bob
13.7,13.1,18.9,13.2,Oblong,Choppy Layers
14.1,13.3,16.9,14.8,Round,Long Straight
14.3,14.5,17.9,13.5,Square,Side Part
14.7,11.9,18.1,13.7,Heart,Chin-Length Bob
13.8,13.5,18.4,13.6,Oblong,Shoulder Length Waves
15.7,10.6,18.3,13.1,Oval,Long Layers
14.4,13.6,17.6,13.2,Oblong,Choppy Layers
13.9,12.5,16.8,15.1,Round,Pixie Cut
13.7,14.4,18.4,13.7,Square,Soft Curls
13.8,13.1,19.1,13.8,Square,Side Part
13.3,13.0,19.3,14.9,Diamond,Tousled Waves
13.8,13.6,17.7,14.5,Round,Long Straight
13.9,12.2,18.0,13.2,Heart,Chin-Length Bob
15.0,11.7,16.8,13.6,Heart,Chin-Length Bob
13.3,13.4,18.1,13.1,Diamond,Tousled Waves
14.1,13.0,19.6,13.6,Oblong,Curtain Bangs
13.8,14.0,17.5,13.7,Square,Layered Waves
14.8,10.0,19.3,12.9,Oval,Side Swept Bangs
12.5,13.7,18.8,14.0,Diamond,Asymmetrical Bob
14.8,11.0,17.9,14.0,Oval,Side Swept Bangs
14.1,13.6,17.2,14.0,Square,Soft Curls
14.8,10.7,17.5,12.9,Heart,Textured Lob
13.8,13.8,17.0,13.8,Round,Pixie Cut
13.4,14.3,17.4,14.5,Square,Soft Curls
14.9,11.0,18.0,13.7,Heart,Chin-Length Bob
14.0,9.7,18.2,13.7,Oval,Long Layers
13.2,14.7,16.8,14.4,Round,Pixie Cut
13.8,13.8,17.7,15.0,Square,Layered Waves
13.8,12.9,19.7,13.8,Oblong,Curtain Bangs
15.0,13.6,18.9,13.1,Oblong,Curtain Bangs
13.5,12.9,16.2,13.1,Round,Layered Bob
14.1,13.4,17.4,14.2,Square,Side Part
14.9,9.8,18.4,12.7,Oval,Side Swept Bangs
14.1,13.4,17.5,14.3,Round,Layered Bob
13.3,13.5,17.7,14.1,Square,Side Part
15.4,11.9,17.9,13.9,Heart,Side Bangs
14.3,11.5,17.6,13.4,Heart,Side Bangs
13.5,13.0,16.0,13.2,Round,Long Straight
14.6,11.8,17.0,12.9,Heart,Textured Lob
13.6,13.4,17.9,13.5,Diamond,Fringe
14.0,14.7,17.5,14.2,Square,Soft Curls
14.6,10.5,18.3,12.7,Oval,Side Swept Bangs
15.4,11.0,18.6,13.3,Oval,Long Layers
13.8,13.7,17.3,14.2,Round,Long Straight
14.3,14.0,16.4,13.7,Round,Layered Bob
14.4,13.6,18.6,13.7,Oblong,Curtain Bangs
14.5,14.0,17.0,13.8,Square,Soft Curls
14.7,11.5,18.0,13.5,Heart,Chin-Length Bob
14.1,10.8,18.3,13.4,Oval,Wavy Bob
13.9,9.9,18.2,13.8,Oval,Long Layers
14.8,11.2,18.4,14.2,Heart,Chin-Length Bob
13.1,13.3,17.8,14.5,Diamond,Fringe
14.2,13.8,17.8,13.7,Square,Soft Curls
13.4,14.7,16.9,13.4,Square,Soft Curls
13.4,14.0,17.3,13.6,Square,Soft Curls
14.8,12.0,18.7,12.9,Heart,Textured Lob
13.9,12.9,18.1,14.0,Square,Layered Waves
14.9,14.8,17.7,14.2,Square,Soft Curls
14.0,13.7,16.8,14.3,Round,Pixie Cut
14.4,13.1,18.1,13.5,Oblong,Choppy Layers
13.6,9.8,19.1,13.7,Oval,Long Layers
13.4,12.7,18.8,13.2,Oblong,Shoulder Length Waves
14.3,11.0,19.2,13.5,Oval,Side Swept Bangs
13.9,12.5,17.3,14.4,Round,Layered Bob
13.6,13.8,16.8,14.7,Round,Layered Bob
13.8,13.4,18.4,14.0,Diamond,Asymmetrical Bob
14.8,13.3,19.6,12.8,Oblong,Curtain Bangs
12.2,13.5,16.6,13.7,Round,Pixie Cut
14.0,11.2,17.9,14.2,Heart,Side Bangs
13.2,12.8,18.4,14.6,Diamond,Fringe
14.2,11.0,18.2,13.3,Heart,Chin-Length Bob
13.8,13.5,17.4,14.9,Round,Layered Bob
13.1,13.7,16.6,14.4,Round,Layered Bob
14.9,14.0,17.6,13.0,Square,Soft Curls
15.0,9.9,18.6,13.1,Oval,Long Layers
13.4,13.6,18.5,12.9,Oblong,Shoulder Length Waves
14.5,10.9,17.7,13.5,Heart,Side Bangs
13.8,11.4,18.0,13.1,Heart,Side Bangs
13.8,12.9,18.6,13.0,Oblong,Choppy Layers
14.5,11.5,17.8,12.9,Heart,Side Bangs
13.3,14.0,18.1,13.4,Square,Side Part
14.1,13.9,19.3,12.8,Oblong,Shoulder Length Waves
13.4,13.7,19.4,14.0,Diamond,Fringe
14.3,11.3,17.9,13.2,Heart,Chin-Length Bob
14.1,13.6,17.3,13.8,Square,Side Part
12.7,13.0,17.7,13.9,Diamond,Fringe
14.4,13.2,19.1,13.0,Oblong,Curtain Bangs
13.5,13.7,17.2,13.9,Round,Pixie Cut
14.8,11.8,18.0,13.4,Heart,Side Bangs
13.8,14.3,17.6,14.1,Square,Soft Curls
14.2,13.0,18.9,13.6,Oblong,Curtain Bangs
14.1,14.0,17.6,14.0,Square,Side Part
13.5,13.4,16.5,13.9,Round,Layered Bob
13.9,13.8,17.8,14.7,Square,Side Part
14.1,11.1,18.4,13.8,Oval,Long Layers
14.8,11.6,18.0,13.7,Heart,Chin-Length Bob
13.6,13.6,16.3,13.8,Round,Layered Bob
14.2,10.5,19.4,12.8,Oval,Side Swept Bangs
14.5,13.9,17.0,14.5,Square,Layered Waves
14.9,10.2,17.9,13.1,Oval,Wavy Bob
13.0,13.5,17.8,14.0,Round,Pixie Cut
14.2,10.5,18.6,13.1,Oval,Side Swept Bangs
13.8,12.8,18.6,13.4,Oblong,Choppy Layers
14.0,13.1,17.4,13.2,Square,Soft Curls
14.6,10.8,18.3,13.8,Oval,Side Swept Bangs
15.3,10.4,17.8,13.5,Oval,Wavy Bob
13.4,13.6,17.5,14.1,Round,Long Straight
13.8,13.5,16.2,14.1,Round,Layered Bob
13.7,12.6,18.0,13.6,Diamond,Asymmetrical Bob
14.2,14.3,16.6,13.1,Square,Soft Curls
14.1,13.1,17.3,14.7,Square,Side Part
14.2,11.3,18.3,13.3,Oval,Wavy Bob
13.5,12.7,18.4,13.2,Diamond,Fringe
13.6,12.9,17.2,14.2,Diamond,Fringe
13.8,12.8,18.1,12.7,Oblong,Shoulder Length Waves
14.2,11.4,18.4,13.7,Oval,Wavy Bob
15.5,11.3,18.3,14.2,Heart,Textured Lob
14.7,13.7,16.8,13.4,Square,Side Part
14.4,13.2,18.5,13.6,Oblong,Curtain Bangs
13.9,13.0,16.5,14.1,Round,Layered Bob
13.5,13.3,19.3,13.1,Oblong,Curtain Bangs
13.9,12.8,19.1,13.7,Oblong,Shoulder Length Waves
15.2,13.8,17.6,14.1,Square,Side Part
14.1,14.1,16.6,14.2,Round,Long Straight
13.9,10.5,18.0,13.6,Oval,Wavy Bob
14.1,13.9,17.5,14.1,Square,Soft Curls
14.1,11.7,18.6,13.4,Heart,Chin-Length Bob
13.3,14.5,18.0,14.5,Round,Pixie Cut
14.6,13.3,18.2,13.2,Oblong,Curtain Bangs
13.7,13.8,17.0,14.7,Round,Layered Bob
14.1,14.2,17.8,13.2,Round,Layered Bob
15.1,13.4,19.6,13.7,Oblong,Shoulder Length Waves
13.9,10.2,18.5,13.7,Oval,Side Swept Bangs
14.9,13.3,19.6,12.8,Oblong,Choppy Layers
14.3,14.4,17.5,14.4,Square,Layered Waves
13.5,13.4,19.0,12.6,Oblong,Shoulder Length Waves
14.6,10.3,18.9,14.0,Oval,Wavy Bob
15.1,10.7,18.1,14.6,Heart,Chin-Length Bob
14.8,13.8,17.8,14.4,Square,Layered Waves
13.8,14.0,17.4,13.8,Square,Soft Curls
13.6,13.1,16.7,13.5,Round,Long Straight
14.7,10.4,18.2,13.5,Oval,Side Swept Bangs
14.1,13.7,17.2,14.2,Square,Soft Curls
14.0,14.4,18.6,13.4,Square,Layered Waves
14.0,13.3,17.1,13.7,Square,Layered Waves
13.5,14.2,17.1,14.1,Square,Side Part
13.5,13.0,18.0,14.1,Diamond,Asymmetrical Bob
13.6,12.4,17.4,14.0,Diamond,Tousled Waves
13.7,13.3,18.7,14.2,Diamond,Asymmetrical Bob
14.3,11.1,17.2,13.6,Oval,Long Layers
14.3,10.9,18.7,13.3,Oval,Long Layers
15.1,10.5,18.0,12.8,Oval,Wavy Bob
12.8,13.7,16.8,13.9,Round,Pixie Cut
14.3,11.4,18.1,13.3,Heart,Textured Lob
14.1,11.1,17.9,13.9,Oval,Long Layers
13.9,13.5,16.9,13.5,Round,Pixie Cut
13.6,13.3,18.6,13.3,Oblong,Choppy Layers
13.9,13.2,17.8,14.3,Diamond,Fringe
13.4,13.5,18.2,14.2,Diamond,Tousled Waves
14.4,10.7,18.4,13.1,Oval,Side Swept Bangs
14.3,10.3,18.9,13.6,Oval,Wavy Bob
13.4,13.7,19.1,12.6,Oblong,Curtain Bangs
14.5,12.5,20.0,13.4,Oblong,Choppy Layers
13.9,10.6,18.2,14.4,Oval,Side Swept Bangs
14.1,14.1,17.1,13.9,Square,Side Part
14.4,10.1,18.2,13.4,Oval,Wavy Bob
14.5,10.2,17.6,13.2,Oval,Long Layers
13.9,11.0,18.6,14.0,Heart,Side Bangs
14.9,12.3,17.3,13.3,Heart,Textured Lob
14.7,13.7,19.0,13.8,Oblong,Curtain Bangs
14.1,10.8,16.9,13.5,Heart,Chin-Length Bob
14.9,11.9,17.3,13.3,Heart,Chin-Length Bob
14.2,14.0,16.6,14.8,Square,Layered Waves
15.9,11.2,18.3,12.7,Heart,Side Bangs
14.2,13.3,18.4,14.1,Oblong,Curtain Bangs
14.0,13.9,16.2,13.7,Round,Long Straight
14.4,12.4,18.6,13.7,Oblong,Curtain Bangs
13.7,13.5,17.3,14.3,Round,Layered Bob
13.4,13.7,17.3,15.1,Round,Long Straight
15.1,13.9,17.2,14.2,Square,Side Part
14.8,11.2,18.2,13.6,Oval,Side Swept Bangs
14.2,12.8,19.5,13.1,Oblong,Shoulder Length Waves
14.3,12.9,18.9,13.4,Oblong,Curtain Bangs
14.0,14.1,18.7,12.7,Oblong,Shoulder Length Waves
13.5,13.5,17.4,13.4,Square,Soft Curls
14.1,13.2,20.5,12.6,Oblong,Choppy Layers
13.6,13.2,17.4,13.8,Diamond,Asymmetrical Bob
14.7,10.5,18.8,12.8,Oval,Long Layers
14.6,9.4,19.1,13.7,Oval,Side Swept Bangs
14.4,13.4,16.2,15.2,Square,Layered Waves
15.0,10.9,18.7,13.0,Oval,Wavy Bob
13.7,13.3,17.8,12.9,Round,Long Straight
14.8,10.2,19.2,13.0,Oval,Wavy Bob
14.2,13.4,18.9,12.9,Oblong,Curtain Bangs
13.8,13.5,17.9,13.2,Square,Layered Waves
13.7,12.9,18.4,12.9,Diamond,Tousled Waves
14.1,10.8,17.5,13.8,Heart,Textured Lob
15.0,12.9,19.1,13.8,Oblong,Shoulder Length Waves
14.6,13.9,18.7,13.5,Oblong,Curtain Bangs
14.6,12.2,16.8,12.2,Heart,Side Bangs
14.6,10.8,19.0,14.1,Oval,Side Swept Bangs
14.3,10.4,19.6,13.3,Oval,Long Layers
13.5,13.1,19.3,12.7,Oblong,Choppy Layers
13.8,13.9,17.9,14.1,Square,Layered Waves
13.4,10.7,17.8,13.6,Oval,Side Swept Bangs
13.7,14.6,17.5,13.9,Square,Soft Curls
13.7,10.2,20.3,14.1,Oval,Long Layers
15.1,10.6,17.8,13.3,Oval,Wavy Bob
13.7,13.3,18.5,14.0,Diamond,Fringe
15.2,13.6,17.8,14.5,Round,Layered Bob
13.7,12.9,16.3,14.7,Round,Pixie Cut
14.2,13.1,18.2,13.2,Oblong,Shoulder Length Waves
13.8,10.2,18.6,13.5,Oval,Long Layers
14.4,13.3,19.5,12.6,Oblong,Curtain Bangs
15.5,10.4,19.3,13.5,Oval,Side Swept Bangs
13.7,14.3,17.5,14.3,Square,Soft Curls
14.3,11.3,17.7,13.6,Heart,Chin-Length Bob
14.8,11.3,17.5,13.8,Heart,Chin-Length Bob
14.9,11.2,18.2,12.8,Heart,Textured Lob
14.6,10.6,18.5,13.1,Oval,Wavy Bob
14.1,11.5,17.9,13.1,Heart,Chin-Length Bob
14.0,10.6,18.5,13.4,Heart,Chin-Length Bob
13.7,13.4,17.6,14.5,Diamond,Fringe
15.0,9.9,19.0,12.4,Oval,Wavy Bob
13.6,14.1,17.6,13.6,Round,Layered Bob
14.6,14.1,18.1,13.9,Square,Soft Curls
14.1,14.0,18.0,14.4,Square,Soft Curls
13.1,12.7,17.8,14.6,Diamond,Fringe
13.8,14.4,18.0,13.9,Square,Layered Waves
13.5,13.6,19.0,13.2,Diamond,Fringe
13.6,13.6,16.8,14.4,Round,Long Straight
13.9,13.6,17.4,13.8,Square,Side Part
13.8,13.7,18.0,14.7,Diamond,Asymmetrical Bob
13.5,12.1,16.8,13.4,Round,Layered Bob
13.5,13.2,16.9,14.1,Round,Layered Bob
13.7,10.3,17.7,13.5,Oval,Side Swept Bangs
14.9,12.9,18.6,13.3,Oblong,Curtain Bangs
14.0,13.6,18.7,13.3,Oblong,Shoulder Length Waves
14.4,13.7,17.8,13.8,Square,Soft Curls
13.2,12.5,19.1,14.5,Diamond,Asymmetrical Bob
14.3,11.9,17.1,14.0,Heart,Side Bangs
13.8,12.2,16.6,12.8,Round,Pixie Cut
13.4,13.1,17.8,13.8,Diamond,Asymmetrical Bob
13.5,13.4,17.1,14.3,Round,Long Straight
14.4,13.9,18.0,14.2,Square,Side Part
14.1,10.0,18.3,13.5,Heart,Textured Lob
14.1,13.1,17.4,13.7,Round,Long Straight
14.8,10.1,19.1,14.4,Oval,Wavy Bob
13.9,14.1,17.9,14.4,Square,Side Part
12.8,13.2,17.6,13.6,Diamond,Fringe
14.1,13.9,17.6,13.5,Square,Layered Waves
13.7,13.1,17.8,13.3,Diamond,Fringe
13.5,13.7,19.2,12.7,Oblong,Curtain Bangs
14.4,12.6,19.5,13.1,Oblong,Curtain Bangs
13.9,14.9,17.8,14.5,Square,Side Part
14.1,11.0,17.0,13.4,Oval,Long Layers
13.8,10.5,17.7,14.2,Oval,Side Swept Bangs
14.6,10.8,18.5,13.9,Oval,Side Swept Bangs
13.8,12.7,17.1,14.4,Round,Long Straight
14.8,13.4,19.2,13.2,Oblong,Choppy Layers
13.9,12.6,19.6,13.6,Oblong,Choppy Layers
13.6,12.6,18.1,14.7,Diamond,Tousled Waves
14.8,10.9,19.0,13.6,Heart,Side Bangs
13.2,14.2,17.6,14.1,Square,Layered Waves
13.8,13.2,19.6,13.5,Oblong,Curtain Bangs
14.4,13.4,19.7,12.9,Oblong,Shoulder Length Waves
14.4,13.9,17.2,14.3,Round,Pixie Cut
14.0,13.1,16.8,13.8,Round,Long Straight
13.0,13.4,16.9,13.8,Round,Pixie Cut
14.1,13.5,16.4,14.7,Round,Pixie Cut
13.6,13.7,17.5,13.8,Round,Pixie Cut
14.1,11.3,18.5,14.2,Heart,Side Bangs
13.9,13.9,18.9,13.3,Oblong,Shoulder Length Waves
13.2,13.3,16.7,14.8,Round,Long Straight
13.8,13.8,17.9,13.2,Square,Layered Waves
14.4,13.8,17.3,13.6,Round,Layered Bob
14.4,12.3,17.1,14.2,Heart,Textured Lob
13.5,12.7,18.2,13.6,Diamond,Tousled Waves
14.3,13.1,16.9,14.1,Round,Long Straight
15.2,15.2,16.8,14.6,Square,Side Part
14.2,13.7,17.3,13.9,Round,Layered Bob
14.7,11.3,17.5,13.3,Heart,Textured Lob
12.8,13.7,18.1,12.6,Diamond,Fringe
14.4,11.3,18.0,14.1,Heart,Chin-Length Bob
14.6,12.0,18.8,12.9,Heart,Textured Lob
14.4,13.1,18.7,13.6,Oblong,Choppy Layers
13.1,13.2,16.6,13.2,Round,Pixie Cut
14.3,9.8,19.1,13.0,Oval,Side Swept Bangs
13.7,14.1,17.1,12.6,Square,Soft Curls
14.5,13.4,17.9,13.4,Diamond,Asymmetrical Bob
14.4,13.1,18.9,13.1,Oblong,Shoulder Length Waves
13.9,13.6,17.5,13.8,Square,Side Part
13.5,13.8,19.5,13.1,Oblong,Curtain Bangs
13.8,12.9,18.7,13.1,Oblong,Choppy Layers
12.6,10.5,19.5,13.8,Oval,Side Swept Bangs
13.8,13.3,16.5,13.2,Round,Pixie Cut
14.4,13.3,18.1,13.4,Square,Soft Curls
14.4,11.9,17.6,13.7,Heart,Chin-Length Bob
13.2,12.9,17.6,13.4,Round,Pixie Cut
15.1,10.7,19.7,13.2,Oval,Side Swept Bangs
13.9,12.8,17.7,14.2,Round,Pixie Cut
13.5,13.3,18.5,13.6,Diamond,Tousled Waves
14.7,10.4,17.6,13.7,Oval,Side Swept Bangs
14.6,10.9,18.3,13.6,Oval,Wavy Bob
13.0,13.2,18.7,14.0,Diamond,Fringe
14.3,13.8,18.6,13.6,Oblong,Curtain Bangs
14.8,12.7,19.1,13.2,Oblong,Curtain Bangs
14.2,13.5,19.0,13.3,Oblong,Choppy Layers
13.9,11.8,18.4,13.5,Heart,Chin-Length Bob
14.0,13.0,18.3,13.9,Diamond,Fringe
14.8,12.1,17.2,13.1,Heart,Side Bangs
13.6,12.4,19.0,12.7,Oblong,Curtain Bangs
15.5,12.0,17.2,13.7,Heart,Side Bangs
14.0,13.5,19.1,12.6,Oblong,Curtain Bangs
14.1,13.4,17.8,13.8,Square,Layered Waves
14.5,10.1,18.0,13.3,Oval,Side Swept Bangs
13.8,14.4,17.4,14.0,Round,Long Straight
13.5,13.1,18.7,13.9,Diamond,Tousled Waves
14.1,12.5,17.4,12.5,Heart,Textured Lob
14.3,13.7,16.6,13.9,Round,Pixie Cut
13.1,13.9,17.3,13.7,Round,Layered Bob
14.2,11.9,17.2,14.4,Heart,Side Bangs
14.7,11.1,18.3,12.8,Heart,Textured Lob
14.6,14.7,18.1,14.6,Square,Soft Curls
14.0,11.9,17.6,13.7,Heart,Textured Lob
14.1,12.4,16.7,14.0,Round,Pixie Cut
14.0,11.0,18.9,13.4,Oval,Wavy Bob
14.1,13.2,19.4,12.8,Oblong,Curtain Bangs
14.5,13.5,16.6,14.1,Round,Long Straight
13.3,14.2,17.7,13.9,Square,Layered Waves
13.8,13.0,20.5,12.9,Oblong,Curtain Bangs
14.0,13.1,16.6,12.8,Round,Pixie Cut
14.4,10.5,18.6,13.3,Oval,Side Swept Bangs
13.9,14.3,17.6,13.5,Square,Layered Waves
14.3,13.5,19.4,13.1,Oblong,Shoulder Length Waves
14.5,10.9,17.0,14.6,Heart,Textured Lob
13.8,13.7,16.2,14.4,Round,Layered Bob
14.3,11.3,18.4,14.2,Heart,Chin-Length Bob
13.8,12.8,17.5,14.5,Round,Pixie Cut
12.9,13.5,18.4,14.3,Diamond,Tousled Waves
13.0,13.5,18.7,13.2,Diamond,Fringe
14.4,13.5,16.3,14.3,Round,Long Straight
14.6,13.4,19.2,13.9,Oblong,Shoulder Length Waves
15.0,12.7,18.9,12.9,Oblong,Curtain Bangs
13.6,13.8,17.5,13.9,Diamond,Tousled Waves
14.4,10.9,17.9,13.6,Oval,Wavy Bob
14.1,12.8,19.1,13.6,Oblong,Choppy Layers
14.7,10.9,17.4,13.2,Heart,Side Bangs
14.0,11.3,17.5,13.5,Heart,Chin-Length Bob
14.3,9.9,18.7,13.8,Oval,Side Swept Bangs
14.7,12.6,16.8,14.1,Round,Long Straight
13.5,13.0,17.6,12.9,Diamond,Fringe
13.8,13.3,18.9,12.7,Oblong,Choppy Layers
13.3,14.1,18.1,14.2,Square,Soft Curls
13.5,13.7,17.2,13.9,Round,Long Straight
14.4,13.9,19.7,13.8,Oblong,Shoulder Length Waves
13.1,13.0,18.8,14.1,Diamond,Fringe
13.7,13.2,18.4,14.4,Diamond,Tousled Waves
12.4,13.1,17.9,14.7,Square,Soft Curls
14.4,13.7,18.1,13.5,Square,Side Part
13.0,12.5,18.3,13.5,Diamond,Asymmetrical Bob
14.1,14.1,19.0,13.9,Oblong,Curtain Bangs
14.1,14.2,17.5,13.7,Square,Soft Curls
14.2,14.3,16.7,12.8,Square,Side Part
14.5,9.6,17.6,13.9,Oval,Side Swept Bangs
14.0,13.7,18.6,13.3,Oblong,Shoulder Length Waves
14.3,13.3,17.3,14.6,Round,Pixie Cut
13.6,13.3,17.4,13.5,Diamond,Asymmetrical Bob
14.7,13.1,17.2,14.0,Round,Long Straight
13.4,10.9,18.5,13.7,Oval,Side Swept Bangs
13.7,14.1,16.7,14.6,Square,Side Part
13.6,13.4,18.1,13.9,Diamond,Tousled Waves
14.3,12.0,17.3,14.0,Heart,Textured Lob
14.7,13.6,19.4,13.1,Oblong,Curtain Bangs
13.6,13.5,18.9,13.6,Oblong,Shoulder Length Waves
13.6,13.5,17.4,14.5,Round,Layered Bob
13.6,13.7,16.8,14.5,Round,Pixie Cut
13.6,14.8,17.8,13.2,Square,Soft Curls
13.6,14.1,17.2,13.7,Round,Long Straight
14.5,12.9,18.8,12.7,Oblong,Shoulder Length Waves
14.2,14.4,17.2,14.0,Square,Side Part
13.7,13.0,19.1,12.8,Oblong,Curtain Bangs
14.2,12.0,17.3,13.1,Heart,Chin-Length Bob
15.1,11.6,17.7,13.7,Heart,Side Bangs
14.2,13.9,17.3,13.7,Round,Layered Bob
14.7,13.2,18.6,13.4,Oblong,Choppy Layers
15.0,11.7,17.6,12.7,Heart,Textured Lob
14.1,13.2,19.9,12.1,Oblong,Shoulder Length Waves
14.7,10.9,18.3,13.6,Heart,Textured Lob
14.0,13.0,19.7,12.8,Oblong,Shoulder Length Waves
13.2,12.9,17.8,14.4,Diamond,Fringe
13.6,14.5,17.7,13.9,Square,Soft Curls
13.9,13.7,17.3,14.1,Square,Soft Curls
14.6,10.5,18.3,13.1,Oval,Wavy Bob
14.7,13.1,19.3,13.2,Oblong,Curtain Bangs
13.4,13.2,18.1,14.7,Diamond,Asymmetrical Bob
13.6,13.5,18.1,14.0,Diamond,Asymmetrical Bob
13.8,11.9,17.7,13.3,Heart,Side Bangs
13.9,13.5,19.4,12.8,Oblong,Choppy Layers
14.9,13.0,19.2,13.2,Oblong,Curtain Bangs
14.2,13.4,19.6,13.7,Oblong,Shoulder Length Waves
13.4,13.6,18.3,14.3,Diamond,Fringe
14.8,10.6,19.7,13.1,Oval,Wavy Bob
13.8,13.2,17.8,13.7,Round,Pixie Cut
13.5,13.2,19.2,13.3,Oblong,Shoulder Length Waves
13.8,14.2,18.2,14.1,Square,Layered Waves
14.4,11.4,18.1,13.0,Heart,Side Bangs
13.8,13.1,18.6,13.4,Oblong,Curtain Bangs
13.6,13.4,17.5,15.3,Square,Layered Waves
14.1,13.1,16.9,13.8,Square,Soft Curls
14.8,10.7,18.4,13.4,Oval,Side Swept Bangs
13.1,14.4,18.0,14.9,Square,Layered Waves
14.2,14.9,17.3,13.9,Square,Side Part
14.2,14.0,17.4,13.8,Round,Layered Bob
13.5,13.0,18.3,12.7,Diamond,Fringe
14.1,11.4,18.4,14.0,Heart,Chin-Length Bob
12.7,13.6,17.7,14.3,Diamond,Asymmetrical Bob
14.4,14.5,17.1,13.8,Square,Soft Curls
13.0,12.8,17.2,13.8,Round,Layered Bob
14.2,13.3,18.0,13.5,Square,Soft Curls
14.2,14.6,16.8,13.9,Round,Long Straight
14.4,13.9,17.8,13.2,Square,Side Part
12.9,12.8,19.2,13.8,Oblong,Choppy Layers
13.6,13.1,18.5,13.6,Diamond,Tousled Waves
14.1,13.1,17.1,13.2,Round,Long Straight
15.1,11.6,18.4,12.8,Heart,Textured Lob
13.8,13.7,18.5,12.8,Diamond,Tousled Waves
13.7,14.2,17.1,14.2,Round,Long Straight
13.7,12.4,17.4,13.9,Round,Layered Bob
13.9,10.6,19.1,13.4,Oval,Side Swept Bangs
15.4,10.3,18.5,13.9,Oval,Long Layers
13.5,13.2,17.7,13.4,Diamond,Tousled Waves
15.1,11.1,17.7,13.5,Heart,Textured Lob
14.1,12.8,19.2,13.6,Oblong,Curtain Bangs
14.4,10.9,18.9,13.8,Heart,Chin-Length Bob
14.7,10.6,18.6,13.3,Oval,Long Layers
14.2,15.5,18.2,14.1,Square,Soft Curls
14.4,13.9,17.3,15.0,Round,Long Straight
14.0,10.2,17.1,13.8,Heart,Textured Lob
14.0,11.5,17.9,13.2,Heart,Side Bangs
13.6,13.6,18.1,13.2,Oblong,Shoulder Length Waves
14.6,13.8,17.7,13.8,Square,Layered Waves
13.9,10.2,18.9,13.1,Oval,Side Swept Bangs
13.7,13.8,17.2,14.8,Square,Soft Curls
13.7,12.6,18.0,13.9,Round,Layered Bob
14.4,10.4,17.9,13.0,Oval,Long Layers
13.7,13.9,18.1,13.9,Square,Side Part
14.0,14.3,17.4,13.9,Square,Soft Curls
14.5,13.1,19.8,13.0,Oblong,Choppy Layers
14.1,14.0,16.8,14.7,Round,Long Straight
14.5,11.9,17.5,13.4,Heart,Chin-Length Bob
14.3,12.3,19.1,12.7,Oblong,Curtain Bangs
14.5,12.2,17.6,13.9,Heart,Side Bangs
13.6,13.3,18.4,13.7,Diamond,Asymmetrical Bob
13.9,13.1,18.7,13.1,Oblong,Shoulder Length Waves
14.6,11.4,16.7,13.4,Heart,Chin-Length Bob
14.6,14.0,17.9,13.9,Square,Soft Curls
14.9,12.7,17.4,13.4,Heart,Textured Lob
14.0,13.7,16.6,13.8,Round,Long Straight
14.0,11.8,17.9,13.6,Heart,Chin-Length Bob
14.0,13.3,16.9,13.7,Round,Long Straight
14.4,10.2,19.0,13.9,Oval,Long Layers
14.2,13.5,16.8,14.1,Round,Pixie Cut
13.5,13.8,18.6,14.0,Diamond,Fringe
14.0,11.9,17.7,14.4,Heart,Side Bangs
13.4,10.5,18.0,12.9,Oval,Long Layers
13.9,13.4,17.4,14.0,Square,Side Part
14.4,11.3,18.4,12.3,Oval,Wavy Bob
13.4,13.1,16.5,13.4,Round,Long Straight
13.7,13.7,17.6,13.8,Square,Soft Curls
13.3,12.6,18.1,13.9,Diamond,Fringe
14.4,13.9,18.8,13.6,Oblong,Curtain Bangs
14.6,12.6,19.0,13.4,Oblong,Choppy Layers
13.4,13.5,17.7,14.1,Diamond,Asymmetrical Bob
13.8,13.2,17.5,14.0,Round,Pixie Cut
14.2,10.2,18.1,14.0,Oval,Long Layers
14.3,13.2,17.5,14.1,Oblong,Shoulder Length Waves
13.8,13.5,19.2,14.8,Square,Soft Curls
14.3,13.5,17.9,14.5,Diamond,Tousled Waves
14.3,11.1,17.5,13.1,Heart,Textured Lob
13.2,13.6,18.2,13.8,Diamond,Asymmetrical Bob
14.2,13.8,18.5,12.8,Oblong,Choppy Layers
14.7,11.5,18.0,13.4,Heart,Side Bangs
14.2,13.6,17.2,14.5,Square,Side Part
14.3,12.3,18.1,13.0,Heart,Side Bangs
13.2,12.9,18.7,14.0,Diamond,Tousled Waves
13.0,12.9,17.0,13.5,Round,Long Straight
14.2,10.2,18.7,13.7,Oval,Side Swept Bangs
13.8,11.9,17.6,13.5,Heart,Side Bangs
13.3,14.3,18.0,15.0,Square,Layered Waves
13.2,13.7,18.0,14.5,Diamond,Tousled Waves
12.1,13.6,18.0,13.8,Diamond,Tousled Waves
13.6,14.6,16.5,13.7,Round,Long Straight
14.1,13.6,17.0,13.6,Square,Side Part
14.3,13.2,17.5,14.2,Round,Layered Bob
14.6,10.5,18.6,14.1,Oval,Side Swept Bangs
14.2,10.1,17.9,13.6,Oval,Side Swept Bangs
14.5,11.0,17.5,14.2,Heart,Side Bangs
14.3,13.0,19.9,12.5,Oblong,Shoulder Length Waves
14.1,13.0,18.5,13.0,Oblong,Choppy Layers
14.1,12.6,19.4,12.9,Oblong,Choppy Layers
13.6,15.5,17.4,14.3,Square,Soft Curls
13.7,13.0,17.6,14.2,Round,Pixie Cut
14.4,13.0,18.9,13.4,Oblong,Shoulder Length Waves
14.2,14.0,16.7,14.4,Round,Pixie Cut
13.0,13.2,18.3,13.4,Diamond,Asymmetrical Bob
14.4,13.0,18.0,14.0,Oblong,Choppy Layers
14.0,11.4,18.0,13.4,Heart,Textured Lob
15.5,10.5,18.3,13.2,Oval,Wavy Bob
14.5,10.4,18.7,13.2,Oval,Side Swept Bangs
14.3,13.7,18.8,13.2,Oblong,Shoulder Length Waves
13.6,13.3,17.4,14.0,Round,Layered Bob
14.6,11.0,18.0,13.2,Oval,Long Layers
14.3,13.1,17.7,14.0,Round,Layered Bob
14.0,13.3,19.4,13.5,Oblong,Curtain Bangs
14.2,10.5,17.0,13.3,Oval,Side Swept Bangs
14.6,13.5,18.0,13.2,Oblong,Choppy Layers
14.4,12.8,18.8,13.5,Oblong,Choppy Layers
14.9,10.7,19.3,12.7,Oval,Wavy Bob
14.5,14.6,17.1,14.0,Square,Soft Curls
14.3,12.9,18.4,13.9,Diamond,Fringe
14.0,13.3,17.0,14.5,Square,Soft Curls
14.1,12.7,18.7,13.4,Oblong,Choppy Layers
14.3,10.1,18.0,12.8,Oval,Side Swept Bangs
13.6,13.3,18.5,13.1,Diamond,Fringe
14.9,10.9,18.4,12.6,Oval,Long Layers
13.9,13.6,16.1,13.5,Round,Layered Bob
14.0,13.2,17.8,13.3,Round,Pixie Cut
14.3,13.5,18.7,13.7,Diamond,Fringe
15.0,12.2,17.1,13.9,Heart,Side Bangs
14.4,13.3,19.1,13.8,Oblong,Shoulder Length Waves
14.5,10.9,18.6,13.7,Oval,Long Layers
14.1,11.2,17.7,13.1,Oval,Side Swept Bangs
14.1,13.4,16.5,14.0,Round,Pixie Cut
13.9,12.9,19.4,13.4,Oblong,Shoulder Length Waves
13.9,13.6,19.4,13.5,Oblong,Curtain Bangs
13.0,13.7,17.9,14.5,Diamond,Asymmetrical Bob
13.9,10.1,19.0,13.2,Oval,Side Swept Bangs
13.3,13.2,18.6,13.7,Diamond,Asymmetrical Bob
14.1,11.0,19.3,13.4,Oval,Long Layers
14.8,14.0,16.3,14.4,Round,Long Straight
14.9,10.8,18.6,13.7,Oval,Long Layers
13.6,12.9,18.1,14.2,Diamond,Fringe
13.9,13.0,17.4,14.0,Round,Pixie Cut
15.6,10.2,18.5,14.0,Oval,Wavy Bob
14.0,14.8,18.1,14.6,Square,Soft Curls
14.7,11.4,17.7,13.8,Heart,Textured Lob
15.0,10.2,18.9,13.2,Oval,Long Layers
13.5,13.5,17.9,13.4,Diamond,Tousled Waves
13.6,13.4,18.4,14.8,Diamond,Asymmetrical Bob
14.4,12.0,18.1,12.7,Heart,Chin-Length Bob
13.5,13.1,18.5,13.3,Oblong,Curtain Bangs
14.1,11.3,18.4,14.2,Heart,Chin-Length Bob
14.9,10.3,19.2,13.8,Oval,Wavy Bob
13.4,14.1,18.0,13.6,Square,Layered Waves
14.3,13.7,19.4,13.3,Oblong,Curtain Bangs
14.5,14.0,17.7,13.9,Square,Soft Curls
14.0,14.2,17.7,13.8,Round,Pixie Cut
14.9,11.2,18.6,13.8,Oval,Long Layers
13.6,13.1,17.3,13.8,Diamond,Fringe
14.7,10.6,18.8,13.4,Oval,Side Swept Bangs
14.0,12.9,18.4,13.1,Oblong,Curtain Bangs
14.8,13.0,18.9,13.7,Oblong,Shoulder Length Waves
13.1,13.2,18.4,14.1,Diamond,Tousled Waves
13.2,13.2,18.1,13.0,Diamond,Tousled Waves
14.3,10.7,18.1,13.6,Heart,Side Bangs
13.6,13.8,18.1,13.9,Oblong,Choppy Layers
14.3,11.9,16.9,13.1,Heart,Side Bangs
13.1,13.2,18.3,12.6,Oblong,Shoulder Length Waves
13.8,12.9,16.5,14.1,Round,Layered Bob
13.7,14.3,18.0,12.7,Square,Side Part
14.4,9.5,18.6,13.4,Oval,Side Swept Bangs
13.9,13.0,19.5,12.5,Oblong,Choppy Layers
14.3,14.0,17.8,14.4,Square,Layered Waves
14.0,13.3,17.3,14.5,Square,Layered Waves
13.8,13.7,17.0,15.1,Round,Layered Bob
13.5,13.4,17.0,13.5,Square,Soft Curls
13.4,12.6,17.3,14.2,Square,Side Part
14.2,13.5,17.0,13.1,Square,Soft Curls
15.0,11.8,18.5,13.5,Oval,Wavy Bob
13.4,13.4,17.0,14.6,Diamond,Asymmetrical Bob
13.4,14.9,17.4,13.8,Square,Layered Waves
13.8,13.8,16.9,13.7,Square,Soft Curls
13.5,13.8,17.3,14.4,Round,Layered Bob
13.4,14.1,17.7,13.6,Diamond,Tousled Waves
14.9,10.4,18.4,13.7,Oval,Wavy Bob
14.8,11.6,17.8,13.0,Heart,Chin-Length Bob
14.7,12.6,17.5,13.0,Heart,Side Bangs
14.9,10.9,17.8,13.7,Heart,Chin-Length Bob
13.7,13.6,18.0,14.1,Diamond,Fringe
14.7,13.8,19.4,13.0,Oblong,Curtain Bangs
14.1,14.3,17.5,14.4,Square,Layered Waves
13.9,13.3,18.8,13.7,Diamond,Tousled Waves
14.4,14.1,16.9,13.7,Square,Soft Curls
14.0,14.0,17.1,14.1,Square,Side Part
13.0,13.9,17.4,14.5,Round,Long Straight
14.6,14.5,17.2,13.5,Square,Soft Curls
13.2,13.4,16.7,13.7,Square,Side Part
13.9,14.8,16.9,13.8,Square,Soft Curls
14.2,9.9,17.6,13.3,Oval,Long Layers
13.1,13.3,18.6,13.7,Diamond,Asymmetrical Bob
13.6,13.4,19.0,13.5,Diamond,Asymmetrical Bob
15.5,10.6,18.2,13.9,Oval,Side Swept Bangs
13.2,13.1,18.0,14.1,Square,Soft Curls
13.6,12.0,17.0,14.1,Round,Long Straight
14.7,12.8,19.2,13.8,Oblong,Curtain Bangs
14.2,13.6,17.6,14.0,Square,Side Part
13.2,13.3,17.4,13.5,Round,Pixie Cut
14.4,12.1,17.6,13.7,Heart,Chin-Length Bob
14.1,12.2,17.6,13.5,Heart,Side Bangs
14.4,11.2,17.4,14.0,Heart,Chin-Length Bob
14.3,13.5,16.9,13.7,Round,Long Straight
14.5,10.9,17.3,13.4,Heart,Chin-Length Bob
13.9,13.5,17.8,13.9,Square,Soft Curls
14.2,10.3,19.4,13.5,Oval,Long Layers
15.0,10.8,18.9,13.2,Oval,Wavy Bob
13.8,13.3,18.5,13.2,Oblong,Curtain Bangs
14.9,11.5,17.9,13.6,Heart,Textured Lob
13.3,11.2,18.3,13.8,Heart,Side Bangs
13.7,13.7,18.9,14.3,Diamond,Asymmetrical Bob
13.6,13.2,18.8,13.5,Diamond,Fringe
14.4,13.3,18.9,13.0,Oblong,Choppy Layers
14.1,10.5,19.9,12.9,Oval,Side Swept Bangs
13.5,12.9,18.0,14.3,Diamond,Tousled Waves
15.1,10.7,18.7,13.2,Oval,Side Swept Bangs
14.8,11.1,17.6,13.4,Heart,Chin-Length Bob
13.6,13.5,16.4,14.1,Round,Pixie Cut
14.1,13.0,18.6,13.4,Oblong,Curtain Bangs
14.2,13.7,18.6,13.2,Oblong,Curtain Bangs
14.7,14.2,18.5,14.8,Square,Side Part
14.2,13.1,19.6,13.1,Oblong,Choppy Layers
13.8,13.6,17.8,13.9,Square,Soft Curls
13.8,13.0,16.3,14.4,Round,Pixie Cut
14.0,12.8,18.1,13.9,Diamond,Asymmetrical Bob
14.4,13.8,16.7,14.1,Round,Pixie Cut
13.8,10.2,17.8,14.1,Heart,Chin-Length Bob
14.6,10.6,18.8,14.2,Oval,Side Swept Bangs
14.2,14.0,16.9,14.5,Round,Layered Bob
14.6,11.5,18.8,13.4,Heart,Chin-Length Bob
14.2,11.5,17.1,13.1,Heart,Chin-Length Bob
13.6,13.6,17.0,15.2,Round,Layered Bob
13.2,13.8,16.8,14.8,Square,Soft Curls
13.5,12.8,17.7,13.6,Round,Layered Bob
14.3,13.5,17.2,14.0,Square,Side Part
14.2,13.0,19.7,13.6,Oblong,Curtain Bangs
14.4,13.6,18.9,13.4,Oblong,Shoulder Length Waves
13.7,14.2,17.0,13.3,Square,Soft Curls
13.4,13.0,18.1,14.0,Diamond,Tousled Waves
14.8,10.0,18.9,13.4,Oval,Wavy Bob
14.9,9.9,18.9,13.2,Oval,Long Layers
14.2,13.7,16.5,14.7,Square,Layered Waves
14.7,11.7,19.5,13.6,Oval,Side Swept Bangs
14.8,12.7,18.6,13.1,Oblong,Curtain Bangs
13.7,14.1,17.0,13.9,Square,Side Part
14.4,9.6,18.3,13.6,Oval,Side Swept Bangs
13.7,13.5,19.4,13.5,Oblong,Curtain Bangs
13.7,13.4,18.4,13.6,Oblong,Shoulder Length Waves
14.2,14.1,16.7,14.6,Round,Pixie Cut
14.7,10.8,18.2,13.2,Oval,Long Layers
14.3,13.2,18.6,13.7,Oblong,Shoulder Length Waves
15.1,12.7,16.4,14.2,Round,Layered Bob
14.2,14.4,17.1,13.7,Round,Layered Bob
14.2,13.7,16.9,13.6,Round,Long Straight
13.9,13.9,16.6,14.1,Round,Pixie Cut
12.7,12.6,17.6,14.7,Diamond,Tousled Waves
14.1,13.2,18.1,13.8,Diamond,Asymmetrical Bob
13.0,13.2,16.6,13.3,Round,Long Straight
14.0,12.1,18.8,13.5,Heart,Chin-Length Bob
14.8,13.5,20.0,13.7,Oblong,Curtain Bangs
14.3,10.4,18.9,13.0,Oval,Long Layers
14.9,13.3,18.4,13.6,Oblong,Shoulder Length Waves
12.4,12.8,18.7,14.7,Diamond,Asymmetrical Bob
14.1,11.1,18.0,13.1,Heart,Side Bangs
13.3,13.7,16.8,13.5,Square,Side Part
14.0,13.8,16.9,14.8,Square,Layered Waves
13.5,13.0,18.5,13.4,Diamond,Asymmetrical Bob
13.5,13.1,18.8,13.8,Diamond,Asymmetrical Bob
14.0,14.0,18.3,13.7,Square,Soft Curls
14.3,10.9,17.6,13.1,Oval,Long Layers
13.8,13.3,17.5,14.3,Round,Layered Bob
14.1,14.5,17.2,13.5,Square,Layered Waves
13.9,12.9,18.6,13.8,Diamond,Fringe
14.0,13.3,19.1,13.3,Oblong,Choppy Layers
14.9,12.2,17.8,13.3,Heart,Side Bangs
14.5,13.9,18.8,13.2,Oblong,Shoulder Length Waves
13.8,11.8,17.4,13.0,Heart,Chin-Length Bob
13.7,13.5,17.9,15.0,Square,Soft Curls
14.7,10.6,19.4,13.1,Oval,Long Layers
14.0,12.9,19.2,13.7,Oblong,Shoulder Length Waves
15.2,11.4,18.3,13.4,Heart,Textured Lob
14.2,11.2,18.4,13.2,Heart,Chin-Length Bob
14.1,14.0,17.6,14.3,Round,Long Straight
14.7,14.3,17.4,14.1,Square,Side Part
14.0,13.3,19.4,13.9,Oblong,Curtain Bangs
13.3,12.6,19.0,14.4,Diamond,Asymmetrical Bob
14.4,11.7,17.0,13.4,Heart,Side Bangs
13.5,13.3,17.3,13.4,Diamond,Tousled Waves
14.4,13.3,19.6,13.0,Oblong,Shoulder Length Waves
14.1,13.0,19.0,13.3,Oblong,Choppy Layers
13.9,12.7,16.8,14.2,Round,Pixie Cut
13.4,13.7,18.1,13.7,Diamond,Asymmetrical Bob
15.0,11.3,18.3,13.4,Heart,Chin-Length Bob
14.4,14.0,18.1,13.7,Square,Soft Curls
13.1,13.2,17.2,14.4,Diamond,Tousled Waves
14.3,13.9,18.3,14.0,Oblong,Shoulder Length Waves
14.3,12.2,17.6,12.6,Heart,Chin-Length Bob
14.4,9.6,18.7,13.5,Oval,Wavy Bob
13.6,13.0,17.3,12.7,Round,Long Straight
14.4,11.0,19.2,12.9,Oval,Wavy Bob
13.8,13.2,17.1,13.7,Round,Layered Bob
13.6,14.6,16.9,14.3,Square,Side Part
15.6,11.0,17.3,13.1,Heart,Textured Lob
14.1,14.6,17.3,14.7,Square,Side Part
13.4,13.6,17.9,14.0,Square,Side Part
13.3,12.6,18.1,13.5,Diamond,Asymmetrical Bob
14.2,13.4,19.3,13.6,Oblong,Choppy Layers
14.1,14.1,16.7,14.3,Square,Side Part
14.2,13.0,17.4,13.5,Round,Layered Bob
14.8,13.5,18.1,14.0,Square,Layered Waves
14.4,13.0,17.3,14.2,Square,Soft Curls
13.8,13.2,18.6,13.5,Diamond,Fringe
13.7,13.5,18.5,13.8,Diamond,Tousled Waves
14.0,13.2,18.7,13.3,Oblong,Shoulder Length Waves
13.6,13.8,18.4,14.0,Diamond,Fringe
14.4,10.4,18.8,13.9,Oval,Side Swept Bangs
13.9,13.6,17.7,13.7,Diamond,Fringe
12.8,13.4,17.1,14.1,Round,Long Straight
13.8,12.6,19.9,12.7,Oblong,Choppy Layers
14.0,10.2,18.4,12.9,Oval,Wavy Bob
13.8,12.3,16.6,14.9,Round,Layered Bob
13.7,13.1,18.2,14.4,Diamond,Fringe
15.1,10.6,17.4,13.8,Heart,Side Bangs
14.7,11.0,17.6,13.3,Heart,Textured Lob
13.0,14.2,17.1,13.6,Round,Layered Bob
13.5,12.8,16.9,15.1,Round,Layered Bob
13.8,13.6,18.3,14.1,Square,Layered Waves
13.6,13.3,17.6,13.1,Diamond,Tousled Waves
13.3,13.4,17.7,13.9,Square,Side Part
14.6,14.4,18.2,13.0,Oblong,Curtain Bangs
14.0,10.8,18.2,14.4,Oval,Side Swept Bangs
13.9,13.1,18.6,13.4,Oblong,Choppy Layers
13.6,10.5,18.4,13.6,Oval,Side Swept Bangs
14.9,12.6,17.8,13.7,Heart,Chin-Length Bob
14.6,13.4,17.1,14.3,Round,Pixie Cut
14.9,11.1,17.5,13.8,Heart,Side Bangs
15.1,11.2,18.7,14.0,Heart,Side Bangs
15.3,12.2,17.6,12.6,Heart,Textured Lob
14.0,12.8,19.0,13.3,Oblong,Shoulder Length Waves
13.9,13.1,17.8,13.6,Diamond,Fringe
13.9,13.2,18.2,13.1,Oblong,Choppy Layers
14.2,13.4,17.2,14.0,Round,Long Straight
14.6,12.7,19.0,13.4,Oblong,Curtain Bangs
15.1,15.8,17.6,14.0,Square,Side Part
14.5,13.0,19.7,12.8,Oblong,Curtain Bangs
14.8,14.5,18.4,14.4,Square,Soft Curls
13.4,13.5,18.4,13.3,Diamond,Asymmetrical Bob
15.4,12.2,17.2,13.5,Heart,Chin-Length Bob
14.5,13.4,18.5,13.2,Oblong,Shoulder Length Waves
14.2,13.9,18.3,14.6,Square,Side Part
14.0,14.6,17.5,13.7,Square,Side Part
13.3,13.7,16.8,14.0,Round,Pixie Cut
14.0,12.9,17.3,13.9,Round,Layered Bob
13.0,13.5,19.0,13.1,Diamond,Tousled Waves
12.8,12.9,16.6,13.8,Round,Pixie Cut
14.6,14.1,16.4,14.6,Round,Layered Bob
13.6,13.5,19.2,14.0,Diamond,Asymmetrical Bob
14.6,11.5,17.6,13.6,Heart,Chin-Length Bob
13.9,14.1,18.0,14.3,Square,Soft Curls
14.1,14.4,17.3,14.5,Round,Pixie Cut
14.6,12.9,19.3,14.1,Oblong,Shoulder Length Waves
13.5,13.6,16.8,13.7,Round,Long Straight
14.6,13.5,19.0,13.2,Oblong,Curtain Bangs
13.6,13.3,19.3,13.9,Oblong,Curtain Bangs
14.2,13.5,16.6,13.3,Round,Layered Bob
14.7,14.3,17.2,13.4,Square,Side Part
15.2,14.0,19.5,13.3,Oblong,Curtain Bangs
14.7,12.7,18.5,13.6,Oblong,Shoulder Length Waves
13.8,12.7,18.5,13.2,Oblong,Shoulder Length Waves
15.5,11.5,17.9,13.5,Heart,Textured Lob
14.0,12.2,17.5,12.0,Heart,Textured Lob
13.6,14.0,16.9,14.8,Round,Pixie Cut
14.6,10.3,18.1,13.1,Oval,Long Layers
14.3,11.3,17.3,13.7,Heart,Side Bangs
13.6,13.7,17.5,14.9,Square,Layered Waves
14.6,13.3,16.2,14.3,Round,Pixie Cut
14.4,10.4,17.6,14.0,Oval,Long Layers
13.7,11.3,17.6,12.7,Heart,Side Bangs
13.7,14.0,18.9,13.8,Oblong,Choppy Layers
13.9,13.4,17.6,13.5,Square,Soft Curls
14.3,13.2,19.2,13.3,Oblong,Shoulder Length Waves
13.7,12.7,18.2,14.0,Diamond,Fringe
14.2,13.6,17.7,12.8,Square,Layered Waves
13.9,11.1,18.7,13.7,Oval,Wavy Bob
14.3,11.2,19.7,12.9,Oval,Side Swept Bangs
13.9,13.9,17.6,13.2,Diamond,Fringe
12.8,13.2,18.6,14.0,Diamond,Tousled Waves
14.6,11.6,18.5,14.1,Heart,Chin-Length Bob
13.6,14.2,16.2,13.3,Square,Layered Waves
13.5,12.7,17.3,13.7,Round,Long Straight
14.2,13.0,17.7,13.6,Diamond,Tousled Waves
14.0,11.7,18.0,13.6,Heart,Textured Lob
13.9,13.2,18.9,13.1,Oblong,Choppy Layers
13.6,13.9,18.0,13.2,Square,Soft Curls
14.8,10.2,18.2,13.2,Oval,Wavy Bob
13.8,13.2,16.0,14.0,Round,Pixie Cut
15.4,12.8,18.8,13.5,Oblong,Choppy Layers
14.8,13.3,19.8,12.9,Oblong,Shoulder Length Waves
14.0,13.1,18.4,13.4,Oblong,Curtain Bangs
13.8,11.6,18.5,12.7,Heart,Chin-Length Bob
14.4,13.4,18.9,13.1,Oblong,Choppy Layers
14.6,13.6,19.3,13.4,Oblong,Choppy Layers
13.7,12.9,18.2,14.0,Diamond,Asymmetrical Bob
14.6,13.5,17.3,13.9,Round,Pixie Cut
13.3,13.4,17.9,13.2,Diamond,Tousled Waves
14.8,10.4,18.1,13.5,Oval,Wavy Bob
13.6,14.7,17.2,13.3,Square,Side Part
14.8,10.4,18.4,13.0,Oval,Long Layers
13.5,12.6,18.2,14.5,Diamond,Asymmetrical Bob
14.0,10.8,17.7,14.2,Oval,Wavy Bob
13.1,13.2,18.7,14.3,Diamond,Fringe
14.7,12.9,19.3,13.1,Oblong,Choppy Layers
14.0,15.0,18.1,13.0,Square,Side Part
13.8,13.3,17.4,15.0,Round,Layered Bob
13.1,13.9,17.0,13.4,Square,Soft Curls
13.8,13.6,17.7,13.6,Square,Side Part
13.8,13.5,18.3,13.4,Diamond,Asymmetrical Bob
13.5,13.6,17.2,14.3,Square,Soft Curls
13.8,10.6,18.7,12.9,Oval,Side Swept Bangs
13.9,12.6,16.8,13.4,Round,Pixie Cut
13.7,14.2,17.5,13.7,Square,Soft Curls
14.0,13.8,18.9,12.8,Oblong,Choppy Layers
14.9,10.3,18.2,13.2,Heart,Side Bangs
14.7,10.4,18.2,14.1,Oval,Wavy Bob
14.8,11.8,17.7,13.4,Heart,Side Bangs
14.7,11.1,17.3,14.2,Heart,Chin-Length Bob
13.3,13.4,18.5,14.3,Diamond,Tousled Waves
13.4,13.1,18.9,14.2,Diamond,Fringe
14.5,13.0,19.0,13.9,Oblong,Curtain Bangs
12.6,14.0,17.7,13.9,Round,Pixie Cut
14.4,10.4,18.0,14.1,Oval,Wavy Bob
12.8,12.9,17.5,13.3,Diamond,Fringe
15.4,13.3,18.2,13.4,Oblong,Choppy Layers
14.4,13.7,16.5,14.0,Square,Layered Waves
13.7,13.1,18.4,13.3,Diamond,Asymmetrical Bob
14.2,13.8,18.7,13.8,Oblong,Choppy Layers
14.7,13.0,18.9,12.9,Oblong,Choppy Layers
14.5,12.7,18.4,12.9,Oblong,Choppy Layers
15.0,11.8,17.4,13.6,Heart,Textured Lob
14.2,10.9,18.9,13.3,Heart,Chin-Length Bob
14.0,14.5,17.9,14.1,Square,Side Part
13.9,13.7,17.2,13.8,Square,Soft Curls
14.2,12.9,19.2,12.6,Oblong,Curtain Bangs
13.3,10.5,18.7,13.5,Oval,Side Swept Bangs
15.1,10.3,17.8,13.6,Oval,Side Swept Bangs
14.1,10.5,19.1,13.3,Oval,Wavy Bob
14.5,11.9,16.8,13.7,Heart,Textured Lob
14.7,10.7,18.3,13.6,Heart,Chin-Length Bob
14.4,10.8,17.6,13.5,Heart,Textured Lob
14.4,14.5,17.6,14.7,Square,Soft Curls
14.3,11.7,17.8,14.4,Heart,Side Bangs
14.0,10.3,18.8,13.4,Oval,Long Layers
14.8,11.4,17.9,13.0,Heart,Textured Lob
13.9,13.3,19.0,13.4,Oblong,Choppy Layers
14.6,10.2,17.7,13.7,Heart,Chin-Length Bob
14.2,10.8,17.6,15.0,Heart,Chin-Length Bob
14.3,13.7,17.4,14.6,Round,Layered Bob
13.0,13.6,17.8,14.8,Square,Side Part
13.7,11.1,17.9,13.4,Heart,Textured Lob
13.1,13.4,18.3,12.9,Diamond,Fringe
14.9,10.3,18.3,13.5,Oval,Long Layers
14.5,14.0,17.9,14.5,Square,Layered Waves
14.1,13.8,18.3,14.6,Square,Side Part
15.0,12.5,17.7,13.6,Heart,Chin-Length Bob
13.7,13.5,17.0,14.0,Round,Layered Bob
14.7,14.4,17.1,14.1,Square,Side Part
14.2,13.9,17.3,13.9,Round,Long Straight
14.8,10.9,18.2,13.3,Oval,Side Swept Bangs
13.9,13.9,17.5,14.3,Round,Layered Bob
13.6,10.3,19.2,13.3,Oval,Wavy Bob
14.8,13.0,19.2,13.1,Oblong,Curtain Bangs
14.3,12.7,19.9,13.3,Oblong,Choppy Layers
13.6,13.2,18.5,13.3,Diamond,Asymmetrical Bob
13.1,13.0,16.9,14.4,Round,Long Straight
13.5,14.0,16.0,14.3,Round,Layered Bob
13.4,13.8,17.0,13.6,Round,Long Straight
14.1,13.6,16.8,12.9,Round,Long Straight
13.5,13.6,18.2,14.1,Diamond,Tousled Waves
14.5,13.0,18.7,13.1,Oblong,Choppy Layers
13.8,12.5,17.9,13.7,Diamond,Tousled Waves
14.3,10.2,18.5,13.6,Oval,Long Layers
14.7,13.2,17.3,14.2,Round,Layered Bob
14.4,13.2,18.0,14.5,Diamond,Asymmetrical Bob
13.6,13.5,17.1,14.1,Round,Layered Bob
14.2,11.4,17.7,14.1,Heart,Side Bangs
14.7,10.0,18.0,14.0,Oval,Long Layers
13.2,13.5,17.5,14.8,Round,Long Straight
14.0,13.1,18.7,14.2,Diamond,Tousled Waves
14.2,13.8,17.9,14.7,Square,Soft Curls
13.1,13.3,18.5,13.9,Diamond,Tousled Waves
13.2,14.2,17.6,14.9,Square,Soft Curls
13.9,13.2,20.2,13.7,Oblong,Choppy Layers
13.8,13.5,16.8,14.2,Round,Pixie Cut
14.1,13.4,16.7,14.9,Round,Layered Bob
13.9,13.3,16.8,13.7,Round,Layered Bob
14.3,14.0,17.8,13.8,Round,Long Straight
14.0,11.3,17.2,13.4,Heart,Textured Lob
14.4,14.4,17.8,14.5,Square,Soft Curls
14.0,13.3,16.4,14.0,Round,Layered Bob
13.7,13.8,17.9,14.0,Square,Soft Curls
14.2,10.0,18.8,13.9,Oval,Side Swept Bangs
14.1,15.1,16.9,14.4,Square,Soft Curls
12.8,14.2,17.1,14.2,Square,Layered Waves
14.7,12.8,17.3,15.3,Round,Long Straight
14.2,13.2,19.5,13.5,Oblong,Curtain Bangs
13.5,13.9,17.8,13.8,Square,Side Part
13.6,10.9,18.1,13.1,Oval,Wavy Bob
14.4,13.2,17.0,14.5,Round,Long Straight
13.7,9.3,18.1,13.7,Oval,Long Layers
14.0,14.3,16.7,14.2,Round,Long Straight
13.7,13.9,18.5,13.4,Oblong,Choppy Layers
15.1,10.1,17.9,13.6,Heart,Chin-Length Bob
13.8,10.8,18.2,13.1,Heart,Side Bangs
14.3,13.6,17.5,14.4,Square,Soft Curls
14.3,13.8,16.5,14.3,Round,Long Straight
13.4,13.9,17.6,13.7,Square,Layered Waves
13.8,13.9,17.8,13.6,Round,Long Straight
15.5,11.3,18.8,13.9,Heart,Chin-Length Bob
13.6,13.0,19.3,13.5,Oblong,Choppy Layers
13.0,13.0,16.1,13.6,Round,Pixie Cut
14.4,13.1,17.4,14.4,Square,Side Part
14.4,12.9,19.2,13.6,Oblong,Curtain Bangs
14.5,13.9,16.3,13.8,Round,Long Straight
13.6,13.6,18.1,13.6,Oblong,Shoulder Length Waves
14.3,14.2,18.3,13.6,Square,Layered Waves
14.2,13.5,18.8,14.4,Oblong,Curtain Bangs
13.8,10.1,18.8,14.6,Oval,Wavy Bob
14.5,13.3,19.5,13.2,Oblong,Shoulder Length Waves
13.3,13.2,18.7,13.8,Diamond,Asymmetrical Bob
14.6,13.2,18.6,12.8,Oblong,Curtain Bangs
14.7,10.0,19.0,13.7,Oval,Long Layers
14.8,11.3,17.6,13.7,Heart,Textured Lob
13.7,13.3,19.0,13.7,Oblong,Curtain Bangs
14.8,12.1,16.1,14.5,Square,Soft Curls
12.7,13.5,17.9,13.9,Diamond,Tousled Waves
13.5,13.0,18.5,13.1,Diamond,Fringe
13.9,13.9,16.5,14.2,Round,Long Straight
13.4,13.4,17.0,13.6,Round,Layered Bob
15.0,10.7,17.7,13.5,Oval,Long Layers
13.4,13.5,18.4,14.1,Diamond,Asymmetrical Bob
14.0,13.0,20.0,13.9,Oblong,Curtain Bangs
15.1,14.1,16.9,14.5,Round,Long Straight
13.9,15.2,17.4,13.8,Square,Side Part
13.4,13.1,17.8,13.0,Diamond,Tousled Waves
13.7,11.9,17.6,13.9,Heart,Textured Lob
14.9,11.2,17.7,13.7,Oval,Wavy Bob
14.8,10.5,18.2,13.4,Oval,Long Layers
15.3,10.7,19.0,13.6,Oval,Side Swept Bangs
13.9,13.3,18.1,13.7,Oblong,Shoulder Length Waves
13.1,14.2,16.6,14.0,Square,Soft Curls
14.0,12.9,19.0,13.4,Oblong,Curtain Bangs
14.8,11.9,17.9,13.4,Heart,Chin-Length Bob
14.2,13.4,17.8,14.1,Diamond,Asymmetrical Bob
13.7,12.7,17.8,13.7,Diamond,Tousled Waves
14.7,13.9,18.4,14.2,Square,Side Part
15.2,10.6,18.7,13.5,Oval,Side Swept Bangs
14.3,14.1,16.4,13.6,Round,Layered Bob
13.9,11.5,17.5,13.9,Heart,Textured Lob
14.3,13.5,19.6,13.5,Oblong,Curtain Bangs
13.4,13.5,18.6,13.0,Diamond,Fringe
14.7,10.9,18.8,14.0,Oval,Long Layers
14.6,13.7,17.0,14.9,Square,Soft Curls
14.5,11.6,18.9,13.0,Heart,Chin-Length Bob
14.4,10.7,18.0,13.9,Oval,Side Swept Bangs
13.6,13.1,17.3,15.2,Round,Long Straight
15.0,13.1,19.9,13.1,Oblong,Shoulder Length Waves
14.8,10.8,17.7,13.7,Oval,Wavy Bob
14.4,13.5,18.3,13.4,Oblong,Curtain Bangs
13.3,13.7,17.5,14.2,Round,Long Straight
14.3,12.8,17.5,14.3,Square,Side Part
14.5,11.4,17.7,13.4,Heart,Chin-Length Bob
13.2,12.6,17.7,13.7,Diamond,Asymmetrical Bob
13.4,13.5,17.3,14.1,Round,Long Straight
13.9,14.3,17.1,14.1,Square,Side Part
13.8,13.7,17.0,13.5,Round,Layered Bob
14.8,11.8,18.0,13.7,Heart,Chin-Length Bob
13.7,14.4,17.5,14.6,Square,Soft Curls
14.1,10.6,18.4,13.5,Oval,Side Swept Bangs
14.0,13.8,17.3,13.3,Round,Pixie Cut
14.9,10.3,18.5,12.9,Oval,Wavy Bob
13.8,14.2,17.9,14.2,Square,Layered Waves
14.4,12.2,17.7,13.2,Heart,Chin-Length Bob
13.9,11.3,17.9,13.2,Heart,Side Bangs
14.3,12.8,18.1,14.0,Heart,Chin-Length Bob
13.3,13.6,18.5,14.1,Diamond,Fringe
14.9,10.2,18.2,13.7,Heart,Textured Lob
14.4,10.5,17.7,14.0,Oval,Side Swept Bangs
13.8,13.1,18.3,13.6,Oblong,Curtain Bangs
14.2,13.7,19.2,12.5,Oblong,Shoulder Length Waves
14.1,13.8,17.4,13.8,Square,Side Part
15.6,12.2,17.8,13.2,Heart,Textured Lob
14.9,13.6,17.9,13.6,Oblong,Shoulder Length Waves
14.0,14.7,17.8,14.7,Square,Soft Curls
14.0,13.2,19.6,13.1,Oblong,Choppy Layers
14.7,11.8,17.9,13.6,Heart,Textured Lob
15.3,13.1,18.5,13.8,Oblong,Shoulder Length Waves
14.5,13.8,18.3,13.6,Square,Soft Curls
13.9,11.2,18.5,13.5,Oval,Long Layers
14.1,14.0,16.2,13.4,Round,Long Straight
14.0,12.8,18.0,14.1,Diamond,Fringe
14.5,10.0,17.4,13.7,Oval,Side Swept Bangs
14.1,13.2,20.1,13.0,Oblong,Shoulder Length Waves
14.4,10.8,18.0,13.7,Heart,Chin-Length Bob
14.2,10.7,17.5,13.9,Heart,Chin-Length Bob
13.8,13.7,17.4,15.1,Round,Pixie Cut
14.1,9.8,19.2,13.9,Oval,Long Layers
13.5,13.0,16.3,12.9,Round,Layered Bob
13.7,11.3,17.8,13.0,Heart,Textured Lob
14.7,12.5,18.5,13.9,Heart,Textured Lob
13.6,13.6,17.6,13.7,Diamond,Fringe
14.3,10.5,18.4,14.3,Oval,Wavy Bob
13.4,13.2,18.6,13.9,Diamond,Asymmetrical Bob
14.0,11.6,17.8,13.3,Heart,Side Bangs
13.8,13.6,18.5,14.6,Diamond,Asymmetrical Bob
14.8,13.2,18.5,13.3,Oblong,Shoulder Length Waves
13.8,14.1,16.6,14.2,Square,Layered Waves
13.7,13.5,18.2,14.2,Diamond,Tousled Waves
15.2,11.1,19.6,13.6,Oval,Long Layers
13.8,13.0,18.5,12.6,Oblong,Curtain Bangs
14.4,14.2,17.5,13.7,Square,Layered Waves
13.8,14.7,16.6,14.9,Round,Long Straight
13.9,13.8,17.5,14.3,Square,Layered Waves
12.7,13.5,16.8,14.3,Round,Pixie Cut
13.9,13.4,18.7,13.6,Diamond,Asymmetrical Bob
13.9,10.9,17.7,13.4,Heart,Side Bangs
14.2,13.1,19.4,13.2,Oblong,Choppy Layers
14.1,11.4,17.8,13.4,Heart,Side Bangs
14.7,11.7,18.4,13.8,Heart,Textured Lob
13.8,12.9,19.1,12.9,Oblong,Curtain Bangs
13.3,13.9,17.9,14.4,Square,Soft Curls
14.5,11.6,16.8,13.9,Heart,Side Bangs
15.4,10.6,18.0,14.0,Oval,Wavy Bob
14.4,10.6,18.8,13.7,Oval,Long Layers
12.7,13.0,17.0,13.8,Round,Layered Bob
15.3,12.3,18.7,13.5,Oblong,Curtain Bangs
14.8,9.9,18.1,12.8,Oval,Wavy Bob
14.1,13.3,16.5,14.3,Square,Soft Curls
13.5,13.1,18.2,14.7,Diamond,Asymmetrical Bob
14.2,13.1,18.9,12.8,Oblong,Curtain Bangs
14.5,13.7,17.9,14.0,Square,Side Part
14.0,14.4,17.6,14.1,Square,Soft Curls
14.3,12.0,18.2,13.9,Heart,Side Bangs
14.1,13.5,17.6,15.0,Round,Long Straight
14.4,10.7,18.7,13.9,Oval,Wavy Bob
14.1,12.9,19.2,13.0,Oblong,Shoulder Length Waves
14.3,12.9,18.7,13.1,Oblong,Shoulder Length Waves
14.6,11.4,18.2,13.6,Heart,Textured Lob
14.8,10.5,18.6,13.4,Oval,Wavy Bob
13.3,13.6,18.3,13.9,Diamond,Fringe
14.0,14.4,17.7,13.7,Square,Soft Curls
14.0,13.4,17.4,14.1,Round,Pixie Cut
14.1,10.1,18.3,13.7,Oval,Side Swept Bangs
15.3,11.6,18.3,13.3,Heart,Chin-Length Bob
14.3,13.5,17.7,14.6,Round,Layered Bob
14.2,10.8,19.1,13.5,Heart,Side Bangs
14.3,14.0,17.6,14.0,Square,Soft Curls
14.1,12.1,16.9,13.4,Heart,Chin-Length Bob
13.3,13.8,18.7,12.7,Diamond,Fringe
14.0,12.8,17.7,12.8,Oblong,Curtain Bangs
13.7,13.0,18.2,12.9,Oblong,Shoulder Length Waves
14.1,12.6,18.4,13.5,Oblong,Shoulder Length Waves
14.5,11.1,18.2,13.7,Heart,Side Bangs
14.1,14.5,18.5,13.4,Square,Side Part
13.6,13.5,18.0,13.6,Square,Soft Curls
14.3,12.7,18.3,14.3,Diamond,Tousled Waves
14.3,13.8,16.5,13.5,Round,Layered Bob
15.5,10.4,18.9,13.3,Oval,Side Swept Bangs
14.0,10.5,18.4,13.3,Oval,Long Layers
13.8,12.8,18.1,14.2,Diamond,Tousled Waves
14.2,12.8,16.0,13.5,Round,Layered Bob
14.4,14.0,18.1,14.1,Square,Side Part
14.3,13.3,17.1,14.3,Round,Layered Bob
13.0,13.7,17.4,13.7,Round,Long Straight
13.5,13.4,18.2,13.9,Diamond,Asymmetrical Bob
13.9,13.9,19.0,12.7,Oblong,Choppy Layers
14.6,11.0,17.7,13.7,Oval,Side Swept Bangs
14.9,13.3,17.2,13.7,Round,Layered Bob
14.2,10.1,18.1,13.6,Oval,Wavy Bob
14.5,13.4,18.2,13.0,Oblong,Shoulder Length Waves
13.7,11.8,18.1,13.8,Heart,Chin-Length Bob
13.3,13.5,17.6,14.6,Diamond,Asymmetrical Bob
14.0,10.1,19.6,13.2,Oval,Side Swept Bangs
13.2,13.6,17.3,13.5,Round,Pixie Cut
15.1,10.5,18.2,13.0,Oval,Side Swept Bangs
14.6,11.3,17.5,13.2,Heart,Textured Lob
13.5,13.5,17.6,14.7,Square,Side Part
15.5,10.4,18.7,13.1,Oval,Long Layers
13.7,13.6,16.8,14.7,Square,Soft Curls
14.3,12.7,16.9,14.1,Round,Pixie Cut
15.0,12.6,17.7,13.5,Heart,Textured Lob
13.7,13.9,18.4,14.7,Square,Soft Curls
15.3,10.3,19.2,13.4,Oval,Wavy Bob
14.1,13.3,18.5,13.4,Oblong,Shoulder Length Waves
14.0,13.2,19.1,13.2,Oblong,Shoulder Length Waves
14.1,11.0,17.8,13.7,Oval,Wavy Bob
14.7,10.8,18.1,13.9,Oval,Side Swept Bangs
13.8,13.5,19.5,13.0,Oblong,Curtain Bangs
14.5,12.3,19.7,12.7,Oblong,Curtain Bangs
13.6,13.2,18.4,13.4,Diamond,Tousled Waves
14.7,12.3,17.1,13.6,Heart,Textured Lob
14.2,10.6,18.4,13.6,Heart,Chin-Length Bob
14.0,11.4,17.6,14.0,Heart,Side Bangs
13.6,13.1,18.9,12.5,Oblong,Curtain Bangs
13.8,13.2,17.2,13.6,Square,Side Part
14.4,11.2,18.0,13.1,Heart,Textured Lob
14.0,11.9,17.8,13.3,Heart,Textured Lob
13.9,10.9,18.5,13.7,Oval,Wavy Bob
14.2,14.6,17.8,13.7,Square,Layered Waves
14.0,12.0,17.3,14.0,Heart,Textured Lob
12.8,14.0,18.2,13.1,Diamond,Asymmetrical Bob
13.4,13.0,17.2,13.4,Round,Pixie Cut
14.2,13.6,17.4,14.3,Square,Layered Waves
14.7,13.6,20.0,13.6,Oblong,Shoulder Length Waves
14.2,13.6,19.2,14.1,Oblong,Shoulder Length Waves
15.1,10.7,17.1,13.1,Oval,Side Swept Bangs
15.4,11.1,18.6,12.6,Heart,Side Bangs
15.0,14.2,18.7,13.2,Oblong,Shoulder Length Waves
13.6,14.1,17.0,14.9,Round,Layered Bob
13.4,12.7,17.1,14.3,Round,Layered Bob
15.3,12.1,17.8,13.1,Heart,Side Bangs
14.3,12.9,19.1,12.7,Oblong,Shoulder Length Waves
13.7,10.2,18.0,13.9,Oval,Long Layers
13.8,10.7,18.4,13.4,Oval,Wavy Bob
13.4,14.1,17.2,14.9,Square,Soft Curls
14.1,13.8,19.1,13.6,Oblong,Curtain Bangs
14.1,13.3,17.8,14.1,Diamond,Tousled Waves
14.1,13.3,19.8,13.0,Oblong,Choppy Layers
14.0,12.8,19.0,13.6,Oblong,Choppy Layers
15.4,12.1,17.4,14.2,Heart,Chin-Length Bob
14.5,13.2,16.8,13.3,Round,Long Straight
14.2,11.4,17.4,13.2,Heart,Textured Lob
12.7,14.6,17.3,14.7,Round,Long Straight
14.9,11.7,17.8,12.9,Heart,Textured Lob
14.6,10.4,17.3,13.1,Oval,Side Swept Bangs
13.5,11.1,18.7,13.5,Oval,Wavy Bob
14.8,11.7,18.2,14.4,Heart,Chin-Length Bob
14.4,9.9,18.1,13.6,Oval,Side Swept Bangs
14.1,14.1,16.6,13.6,Round,Pixie Cut
14.1,13.4,19.0,13.7,Oblong,Shoulder Length Waves
14.6,14.5,16.3,15.1,Square,Soft Curls
13.3,14.0,16.9,13.6,Square,Layered Waves
13.7,13.2,19.8,13.2,Oblong,Shoulder Length Waves
14.2,13.1,19.9,13.2,Oblong,Shoulder Length Waves
14.7,10.5,18.2,13.9,Oval,Side Swept Bangs
14.3,12.0,17.6,13.0,Heart,Side Bangs
13.0,12.9,16.3,14.2,Round,Layered Bob
14.4,10.9,17.4,13.5,Heart,Chin-Length Bob
14.1,11.0,18.2,13.6,Oval,Wavy Bob
14.5,14.4,17.4,14.0,Square,Layered Waves
14.2,14.0,19.6,12.6,Oblong,Curtain Bangs
13.6,13.2,17.9,14.4,Diamond,Tousled Waves
14.9,14.3,16.9,14.6,Square,Soft Curls
14.2,11.0,18.1,13.4,Oval,Wavy Bob
14.2,12.8,19.4,13.2,Oblong,Choppy Layers
14.3,11.1,18.3,12.8,Heart,Textured Lob
14.2,11.3,17.3,13.6,Heart,Chin-Length Bob
14.0,12.7,18.7,13.8,Diamond,Fringe
14.4,11.4,17.3,14.2,Heart,Side Bangs
14.1,13.9,17.2,14.3,Round,Long Straight
13.4,14.4,17.5,14.0,Square,Layered Waves
14.6,10.3,18.7,13.4,Oval,Side Swept Bangs
14.4,12.0,17.8,13.2,Heart,Side Bangs
14.4,13.5,19.1,13.2,Oblong,Choppy Layers
15.4,10.3,17.6,13.6,Oval,Side Swept Bangs
13.9,13.2,19.2,14.3,Diamond,Fringe
13.4,13.4,17.4,13.7,Diamond,Tousled Waves
13.6,13.7,17.8,13.4,Diamond,Asymmetrical Bob
14.3,12.9,18.7,13.2,Oblong,Shoulder Length Waves
13.1,13.0,16.8,13.5,Round,Long Straight
13.7,12.9,18.5,13.2,Diamond,Fringe
13.2,13.3,18.3,14.3,Diamond,Asymmetrical Bob
13.4,14.4,18.1,14.1,Round,Layered Bob
13.9,11.7,17.9,13.6,Heart,Side Bangs
13.7,13.7,18.6,13.9,Square,Layered Waves
14.2,10.7,17.0,13.5,Oval,Wavy Bob
13.9,10.5,18.0,13.1,Oval,Side Swept Bangs
14.6,10.4,18.6,13.1,Oval,Wavy Bob
14.2,13.6,19.2,12.7,Oblong,Choppy Layers
13.5,12.7,18.5,13.7,Diamond,Fringe
13.1,13.2,19.3,13.8,Diamond,Tousled Waves
14.5,11.8,18.0,14.2,Heart,Side Bangs
14.7,11.2,17.0,13.5,Heart,Textured Lob
14.1,14.6,16.6,14.7,Round,Long Straight
14.7,13.2,19.0,13.5,Oblong,Choppy Layers
13.9,13.1,16.9,13.5,Round,Pixie Cut
13.6,14.1,17.1,13.9,Round,Layered Bob
14.3,10.1,18.5,13.2,Heart,Textured Lob
14.6,9.2,18.1,14.1,Oval,Long Layers
14.7,11.6,18.0,14.1,Heart,Side Bangs
15.3,10.7,19.3,12.8,Oval,Wavy Bob
15.3,11.4,17.0,13.6,Heart,Textured Lob
14.8,10.5,18.1,13.4,Oval,Side Swept Bangs
14.3,10.7,19.1,13.5,Oval,Wavy Bob
13.9,10.6,19.0,13.3,Oval,Long Layers
14.5,11.0,19.8,12.5,Oval,Long Layers
13.6,14.7,18.2,13.6,Square,Layered Waves
15.6,10.3,18.6,13.9,Oval,Side Swept Bangs
13.9,10.0,17.9,13.7,Oval,Side Swept Bangs
14.3,13.0,18.7,13.0,Oblong,Curtain Bangs
13.8,15.0,17.9,13.6,Square,Layered Waves
13.5,13.4,18.2,14.0,Diamond,Tousled Waves
13.2,13.3,16.1,14.3,Round,Long Straight
13.0,12.6,18.2,13.7,Diamond,Asymmetrical Bob
14.8,13.2,18.6,13.6,Oblong,Curtain Bangs
13.8,13.2,17.1,13.5,Round,Layered Bob
15.2,10.5,18.1,14.0,Oval,Side Swept Bangs
14.6,13.1,18.5,13.3,Oblong,Shoulder Length Waves
13.4,13.3,18.1,12.6,Diamond,Tousled Waves
13.6,13.3,18.2,13.5,Diamond,Asymmetrical Bob
14.5,13.5,18.7,12.9,Oblong,Choppy Layers
13.3,13.2,18.5,13.7,Square,Side Part
15.2,11.8,17.7,13.1,Heart,Textured Lob
15.1,10.4,18.0,13.4,Oval,Wavy Bob
13.1,12.9,19.3,14.4,Diamond,Fringe
13.6,13.3,16.1,14.4,Round,Long Straight
14.1,12.1,18.1,13.5,Heart,Side Bangs
14.6,13.9,17.2,13.7,Round,Pixie Cut
14.1,10.6,17.6,13.5,Oval,Long Layers
13.9,13.4,17.5,14.8,Diamond,Fringe
14.2,10.8,18.8,13.1,Oval,Side Swept Bangs
13.9,13.3,18.3,13.8,Square,Layered Waves
13.9,12.1,18.4,14.0,Heart,Side Bangs
14.0,10.6,19.2,14.1,Oval,Side Swept Bangs
13.7,13.3,20.2,13.1,Oblong,Choppy Layers
13.5,12.6,18.2,14.3,Diamond,Asymmetrical Bob
14.8,10.3,19.1,13.8,Oval,Long Layers
15.2,13.4,19.7,13.3,Oblong,Curtain Bangs
13.9,11.4,18.3,13.4,Heart,Side Bangs
14.0,13.4,16.8,14.3,Round,Long Straight
13.1,13.3,19.2,13.4,Diamond,Asymmetrical Bob
14.3,10.1,18.6,14.1,Oval,Side Swept Bangs
14.1,13.9,18.4,14.4,Square,Side Part
13.9,14.0,17.6,14.4,Square,Layered Waves
14.6,10.2,18.7,13.7,Oval,Wavy Bob
15.0,10.8,17.5,13.5,Oval,Side Swept Bangs
14.2,11.3,18.4,14.4,Heart,Chin-Length Bob
13.9,13.5,15.7,14.5,Round,Pixie Cut
13.2,13.8,18.3,13.5,Diamond,Asymmetrical Bob
14.2,10.6,18.8,13.8,Heart,Side Bangs
14.5,12.3,17.8,12.9,Heart,Chin-Length Bob
13.5,13.0,18.2,14.8,Diamond,Asymmetrical Bob
13.7,10.9,18.4,13.1,Heart,Chin-Length Bob
14.2,11.6,18.3,12.6,Heart,Textured Lob
13.9,9.9,18.7,13.7,Oval,Wavy Bob
13.6,13.4,19.1,12.9,Oblong,Shoulder Length Waves
15.3,10.7,19.1,14.2,Oval,Side Swept Bangs
14.4,13.3,19.5,13.3,Oblong,Shoulder Length Waves
13.1,13.2,18.4,14.3,Diamond,Tousled Waves
13.4,13.1,16.3,13.8,Round,Long Straight
14.2,13.0,19.8,13.4,Oblong,Shoulder Length Waves
13.8,12.9,18.4,13.6,Diamond,Fringe
14.1,13.0,18.7,13.0,Oblong,Shoulder Length Waves
14.7,14.5,17.2,14.1,Square,Layered Waves
13.6,12.6,18.6,13.5,Square,Soft Curls
13.6,13.6,16.8,13.8,Round,Layered Bob
13.4,13.5,17.1,13.9,Square,Side Part
13.1,12.9,18.7,14.2,Diamond,Tousled Waves
14.3,10.7,18.6,13.0,Oval,Wavy Bob
14.6,11.2,18.0,12.9,Heart,Textured Lob
14.0,13.4,18.9,13.5,Oblong,Choppy Layers
13.8,12.9,17.8,14.1,Diamond,Asymmetrical Bob
14.6,13.1,17.4,14.6,Square,Layered Waves
13.5,13.5,17.7,14.1,Round,Long Straight
14.3,10.4,18.5,13.6,Oval,Wavy Bob
15.0,11.4,16.4,14.1,Heart,Side Bangs
15.1,10.4,18.6,13.8,Oval,Wavy Bob
13.5,12.8,18.8,13.8,Oblong,Curtain Bangs
14.2,13.6,19.6,12.8,Oblong,Shoulder Length Waves
14.5,13.4,18.6,12.9,Oblong,Shoulder Length Waves
14.4,12.3,17.9,13.6,Heart,Textured Lob
14.5,12.6,18.7,12.8,Oblong,Choppy Layers
13.5,12.9,18.1,14.5,Diamond,Tousled Waves
13.8,12.4,17.0,13.9,Heart,Textured Lob
13.7,13.5,18.7,12.9,Oblong,Choppy Layers
14.3,13.5,17.9,14.2,Diamond,Tousled Waves
14.3,12.8,16.4,14.1,Round,Pixie Cut
14.3,10.7,18.7,13.9,Oval,Long Layers
13.4,14.4,17.2,13.8,Square,Layered Waves
13.4,13.9,17.1,13.7,Round,Long Straight
14.6,13.3,19.1,13.3,Oblong,Curtain Bangs
14.3,11.3,18.2,13.7,Oval,Side Swept Bangs
13.3,13.5,18.2,13.6,Diamond,Tousled Waves
12.9,13.4,17.8,13.6,Diamond,Tousled Waves
13.6,13.5,17.7,13.8,Diamond,Fringe
14.5,14.5,16.6,13.8,Square,Layered Waves
13.8,13.7,16.6,14.8,Round,Long Straight
14.1,10.3,18.8,13.6,Oval,Long Layers
14.1,13.2,17.7,14.0,Round,Pixie Cut
14.1,14.0,17.6,13.3,Square,Side Part
13.3,13.2,18.3,13.3,Diamond,Tousled Waves
13.7,13.3,17.2,13.4,Round,Long Straight
14.9,13.4,16.6,13.9,Round,Pixie Cut
15.2,12.5,18.2,13.8,Heart,Side Bangs
15.3,13.3,19.0,12.4,Oblong,Curtain Bangs
14.1,14.3,17.7,14.1,Square,Layered Waves
13.8,14.4,17.0,14.2,Square,Layered Waves
13.5,13.3,18.1,14.0,Diamond,Asymmetrical Bob
14.6,12.6,19.7,13.3,Oblong,Shoulder Length Waves
14.0,13.0,19.0,13.7,Oblong,Choppy Layers
15.0,11.6,17.8,12.6,Heart,Side Bangs
13.8,13.0,16.6,13.9,Round,Long Straight
14.6,10.3,17.6,13.6,Heart,Chin-Length Bob
14.5,11.6,18.4,12.3,Heart,Side Bangs
13.4,14.6,17.6,14.1,Square,Side Part
14.0,13.3,17.8,14.1,Round,Layered Bob
14.5,12.4,16.4,14.6,Round,Layered Bob
14.3,12.1,17.6,13.8,Heart,Chin-Length Bob
14.2,11.1,18.2,13.2,Heart,Textured Lob
13.7,14.9,17.4,13.7,Square,Side Part
13.2,13.4,17.1,14.6,Square,Soft Curls
14.1,11.4,17.7,12.6,Heart,Textured Lob
14.0,13.3,19.1,12.9,Oblong,Choppy Layers
14.7,10.6,18.8,13.7,Oval,Wavy Bob
14.3,10.0,18.1,13.9,Oval,Wavy Bob
14.1,13.0,18.0,13.3,Oblong,Shoulder Length Waves
13.8,12.5,19.0,13.2,Oblong,Choppy Layers
14.5,12.0,17.6,14.1,Heart,Chin-Length Bob
14.9,11.0,19.6,13.8,Oval,Wavy Bob
14.9,10.4,19.1,13.6,Oval,Long Layers
14.3,11.7,18.2,13.5,Heart,Textured Lob
14.8,11.6,17.1,13.8,Heart,Side Bangs
14.4,11.1,18.9,13.1,Oval,Long Layers
14.2,10.5,19.7,13.0,Oval,Side Swept Bangs
14.0,13.0,18.4,13.2,Oblong,Choppy Layers
14.8,10.4,18.5,13.4,Oval,Side Swept Bangs
13.8,10.7,18.7,13.7,Oval,Side Swept Bangs
13.8,13.9,16.7,14.4,Round,Pixie Cut
15.1,11.2,17.5,14.3,Heart,Side Bangs
15.3,10.2,18.5,13.7,Oval,Wavy Bob
14.6,14.3,17.3,13.1,Square,Soft Curls
14.2,14.7,17.4,14.4,Square,Layered Waves
13.6,13.3,19.3,13.5,Oblong,Curtain Bangs
14.0,14.1,16.9,13.6,Round,Layered Bob
13.8,13.6,17.8,13.5,Round,Layered Bob
13.9,13.0,18.9,13.2,Oblong,Curtain Bangs
14.3,13.5,17.5,13.6,Square,Side Part
15.6,10.5,17.9,13.5,Oval,Wavy Bob
14.6,13.9,16.3,14.0,Round,Pixie Cut
14.0,10.2,17.7,13.4,Oval,Wavy Bob
13.5,12.5,17.5,13.7,Heart,Chin-Length Bob
14.2,13.0,18.7,13.4,Oblong,Shoulder Length Waves
13.9,11.2,17.2,14.1,Heart,Side Bangs
15.2,9.8,18.2,13.2,Oval,Long Layers
14.9,12.1,16.9,13.1,Heart,Chin-Length Bob
14.1,13.1,19.3,14.2,Diamond,Asymmetrical Bob
14.5,11.6,17.3,13.4,Heart,Side Bangs
14.6,10.8,19.5,13.3,Oval,Wavy Bob
13.9,10.6,18.4,13.3,Oval,Side Swept Bangs
13.6,13.5,19.4,12.7,Oblong,Shoulder Length Waves
13.5,14.5,17.1,14.7,Square,Layered Waves
14.3,12.5,18.8,13.8,Oblong,Choppy Layers
14.4,11.5,18.1,13.1,Heart,Textured Lob
13.6,14.5,17.0,13.4,Square,Soft Curls
14.4,11.1,16.9,14.3,Heart,Chin-Length Bob
15.4,10.8,18.6,13.6,Oval,Long Layers
14.7,10.3,19.2,13.4,Oval,Long Layers
13.7,14.0,17.9,14.6,Square,Layered Waves
13.9,13.0,19.6,13.6,Oblong,Choppy Layers
13.5,12.8,18.5,14.6,Diamond,Tousled Waves
15.1,13.6,16.4,13.9,Round,Long Straight
13.0,12.5,19.0,14.5,Diamond,Tousled Waves
13.9,10.3,17.6,13.4,Oval,Wavy Bob
14.5,11.9,18.2,12.9,Heart,Textured Lob
14.3,12.5,17.5,13.7,Square,Side Part
14.5,14.2,17.7,14.0,Square,Side Part
14.5,13.3,17.7,14.2,Square,Layered Waves
15.0,11.2,17.9,13.7,Heart,Side Bangs
14.7,10.4,19.1,13.0,Oval,Long Layers
13.7,13.0,18.8,13.4,Diamond,Tousled Waves
14.1,14.0,19.4,12.7,Oblong,Curtain Bangs
14.3,14.5,16.8,13.1,Round,Pixie Cut
15.3,10.3,18.0,13.5,Oval,Wavy Bob
14.9,10.1,18.8,12.9,Oval,Side Swept Bangs
13.5,13.7,17.6,13.8,Diamond,Tousled Waves
13.5,12.7,18.6,13.0,Diamond,Fringe
14.4,11.7,19.0,13.7,Heart,Chin-Length Bob
14.0,13.9,16.9,13.3,Square,Soft Curls
15.4,12.4,17.9,14.0,Heart,Chin-Length Bob
14.0,11.8,17.8,13.9,Heart,Chin-Length Bob
14.3,13.1,19.0,14.0,Oblong,Curtain Bangs
13.6,13.3,18.1,14.5,Diamond,Asymmetrical Bob
13.6,14.9,17.7,14.2,Round,Pixie Cut
13.2,14.4,16.4,14.6,Round,Long Straight
14.0,14.0,17.2,14.5,Square,Soft Curls
15.0,10.9,18.0,13.6,Oval,Long Layers
14.7,11.9,18.6,12.4,Heart,Chin-Length Bob
13.7,13.8,18.5,13.6,Diamond,Asymmetrical Bob
12.8,14.0,16.9,14.8,Round,Layered Bob
13.9,14.4,17.6,13.5,Square,Layered Waves
14.3,14.6,17.9,14.0,Square,Side Part
13.3,13.4,18.9,13.9,Diamond,Tousled Waves
13.7,14.8,18.1,14.0,Square,Layered Waves
13.7,13.1,18.7,13.4,Diamond,Asymmetrical Bob
13.0,13.9,17.1,13.0,Round,Long Straight
13.6,12.9,18.1,14.3,Diamond,Tousled Waves
13.9,14.5,17.4,14.5,Square,Side Part
14.7,14.4,17.5,13.9,Square,Soft Curls
14.1,13.5,18.8,14.1,Diamond,Tousled Waves
14.1,13.3,17.4,14.5,Round,Long Straight
14.2,13.3,16.9,13.9,Round,Pixie Cut
13.8,14.1,17.7,13.4,Square,Soft Curls
14.4,13.9,17.5,13.7,Square,Soft Curls
14.1,13.6,17.8,14.7,Square,Side Part
13.9,14.3,16.4,14.2,Round,Long Straight
14.2,13.3,19.3,13.0,Oblong,Curtain Bangs
13.7,10.6,17.9,12.8,Heart,Side Bangs
14.3,10.2,18.8,13.3,Oval,Side Swept Bangs
14.4,12.7,18.4,13.3,Heart,Side Bangs
13.9,13.7,17.8,13.3,Square,Soft Curls
14.2,10.0,19.3,13.7,Oval,Wavy Bob
13.3,14.1,16.9,13.9,Square,Layered Waves
15.6,11.7,17.8,13.4,Heart,Textured Lob
14.8,11.8,18.0,13.2,Heart,Chin-Length Bob
13.5,12.8,18.8,13.5,Diamond,Asymmetrical Bob
13.5,13.5,17.9,13.4,Diamond,Asymmetrical Bob
14.0,14.7,17.8,13.5,Square,Layered Waves
14.6,14.7,17.4,13.3,Square,Side Part
13.5,12.9,19.4,12.8,Oblong,Choppy Layers
13.5,13.6,16.8,13.8,Diamond,Fringe
14.8,10.6,18.1,14.1,Oval,Side Swept Bangs
13.7,13.6,18.6,13.5,Oblong,Choppy Layers
15.2,11.7,18.1,13.9,Heart,Chin-Length Bob
14.3,13.9,17.3,13.8,Square,Soft Curls
14.2,10.7,18.7,13.2,Oval,Long Layers
14.2,10.9,17.2,13.9,Heart,Side Bangs
15.0,11.1,18.2,14.1,Heart,Textured Lob
13.7,13.2,18.4,13.7,Diamond,Asymmetrical Bob
14.1,13.7,18.4,13.1,Oblong,Curtain Bangs
14.4,13.9,17.4,14.3,Round,Long Straight
13.8,13.8,18.1,14.1,Square,Soft Curls
13.8,13.6,17.7,15.0,Square,Soft Curls
14.6,9.9,18.0,13.1,Oval,Long Layers
14.1,14.1,18.0,15.6,Square,Layered Waves
14.2,14.3,17.3,14.7,Square,Side Part
13.6,14.2,18.8,14.2,Square,Side Part
13.6,12.6,18.8,13.5,Diamond,Asymmetrical Bob
13.1,13.7,16.5,13.9,Square,Side Part
14.4,10.2,18.9,13.4,Oval,Side Swept Bangs
14.1,13.4,18.8,12.6,Oblong,Shoulder Length Waves
14.5,13.1,18.5,13.5,Oblong,Shoulder Length Waves
14.7,11.1,17.5,14.1,Heart,Textured Lob
14.9,13.8,17.0,14.5,Round,Long Straight
13.5,13.6,16.9,14.1,Round,Long Straight
14.5,10.3,18.8,14.2,Oval,Side Swept Bangs
15.0,11.9,18.8,13.0,Heart,Textured Lob
13.4,13.5,17.9,14.0,Diamond,Tousled Waves
14.0,13.7,19.4,13.0,Oblong,Choppy Layers
14.7,12.1,17.8,13.4,Heart,Side Bangs
14.1,12.8,16.5,13.8,Round,Long Straight
14.5,10.6,17.4,14.1,Oval,Long Layers
14.5,11.1,19.3,14.2,Heart,Side Bangs
14.2,14.1,18.2,13.6,Square,Side Part
14.5,11.0,18.3,13.3,Heart,Chin-Length Bob
14.2,13.4,19.2,12.5,Oblong,Shoulder Length Waves
14.9,10.3,18.1,13.5,Oval,Long Layers
12.8,13.3,17.0,14.6,Round,Pixie Cut
13.7,12.9,18.3,13.7,Diamond,Tousled Waves
14.1,14.5,18.1,13.1,Square,Soft Curls
14.9,10.8,18.8,14.0,Oval,Wavy Bob
13.6,13.8,18.4,13.3,Square,Side Part
15.1,10.4,18.5,13.5,Oval,Side Swept Bangs
13.5,15.0,17.5,14.0,Square,Soft Curls
13.8,13.6,19.1,13.1,Oblong,Curtain Bangs
14.2,13.2,17.0,14.8,Round,Long Straight
13.9,12.2,17.7,12.5,Heart,Side Bangs
14.5,11.0,17.6,13.4,Heart,Side Bangs
14.1,12.8,18.8,13.7,Oblong,Choppy Layers
13.6,13.3,18.3,14.3,Diamond,Fringe
13.0,13.8,16.5,13.9,Round,Pixie Cut
13.1,13.7,17.1,13.4,Round,Pixie Cut
13.7,14.5,17.5,14.6,Square,Layered Waves
13.5,12.7,16.8,13.1,Round,Layered Bob
14.5,11.8,18.8,13.0,Heart,Chin-Length Bob
13.8,13.6,19.2,13.1,Oblong,Shoulder Length Waves
13.6,13.0,19.7,13.4,Oblong,Curtain Bangs
13.1,13.1,18.1,13.4,Diamond,Asymmetrical Bob
13.8,10.9,19.1,13.3,Oval,Long Layers
14.2,10.1,18.3,14.3,Oval,Side Swept Bangs
14.5,13.2,19.0,12.8,Oblong,Choppy Layers
14.0,14.0,16.7,14.1,Square,Side Part
13.6,13.3,17.9,14.5,Diamond,Tousled Waves
14.9,10.9,18.3,14.0,Heart,Textured Lob
13.8,13.1,17.6,13.3,Diamond,Tousled Waves
14.7,13.6,18.0,13.3,Oblong,Curtain Bangs
13.6,13.0,17.1,13.3,Round,Pixie Cut
14.3,11.7,18.2,12.6,Heart,Side Bangs
12.8,13.6,17.6,13.5,Round,Pixie Cut
14.4,10.5,18.7,12.6,Oval,Wavy Bob
14.1,13.1,17.5,13.6,Square,Soft Curls
14.1,12.7,19.3,12.7,Oblong,Choppy Layers
13.8,14.1,17.2,14.0,Square,Layered Waves
13.7,10.1,19.7,14.2,Oval,Wavy Bob
14.4,15.2,17.1,14.9,Square,Side Part
13.9,11.2,17.2,14.0,Heart,Textured Lob
14.7,10.5,17.9,13.9,Oval,Long Layers
13.4,13.7,16.5,15.1,Round,Layered Bob
14.3,15.2,18.1,14.1,Square,Layered Waves
14.5,11.8,18.5,13.3,Heart,Chin-Length Bob
14.1,11.0,17.2,13.5,Oval,Long Layers
14.8,13.1,18.5,13.4,Oblong,Choppy Layers
14.2,10.4,18.5,12.7,Oval,Wavy Bob
14.0,14.6,17.0,14.1,Square,Side Part
14.0,13.6,18.0,14.6,Square,Side Part
14.2,13.2,18.9,13.0,Oblong,Shoulder Length Waves
14.1,10.4,18.2,12.0,Oval,Side Swept Bangs
13.1,9.9,19.8,13.2,Oval,Side Swept Bangs
13.7,12.4,19.6,13.4,Oblong,Shoulder Length Waves
13.5,13.0,18.7,13.8,Oblong,Shoulder Length Waves
14.3,13.0,19.6,13.2,Oblong,Shoulder Length Waves
14.6,13.9,17.3,13.6,Round,Long Straight
14.2,10.5,18.5,14.0,Oval,Side Swept Bangs
14.0,11.7,17.6,13.1,Heart,Side Bangs
14.6,14.1,17.4,14.1,Square,Side Part
14.0,13.8,17.1,14.1,Round,Layered Bob
14.6,13.2,17.9,13.8,Round,Pixie Cut
14.2,13.8,19.9,13.2,Oblong,Choppy Layers
14.7,12.3,19.2,13.3,Oblong,Curtain Bangs
13.7,13.6,17.4,14.0,Square,Side Part
14.9,10.7,18.7,13.5,Oval,Long Layers
13.2,12.8,17.6,13.2,Square,Soft Curls
13.9,11.2,16.8,12.6,Heart,Chin-Length Bob
14.5,13.3,17.2,13.3,Round,Pixie Cut
13.0,12.5,18.9,13.2,Diamond,Tousled Waves
13.6,10.2,19.1,13.0,Oval,Side Swept Bangs
13.6,12.1,17.3,13.7,Heart,Side Bangs
14.2,13.5,19.6,13.8,Oblong,Curtain Bangs
14.5,11.3,18.4,13.4,Oval,Wavy Bob
13.7,14.1,17.1,14.7,Square,Side Part
13.3,13.0,16.0,14.1,Round,Layered Bob
14.7,11.5,17.7,13.6,Heart,Chin-Length Bob
14.4,13.0,18.3,13.5,Oblong,Choppy Layers
14.7,13.3,19.5,13.5,Oblong,Choppy Layers
14.7,11.2,17.5,13.9,Heart,Chin-Length Bob
14.9,12.1,18.4,12.9,Heart,Side Bangs
14.5,10.8,18.0,12.8,Oval,Long Layers
14.0,14.3,17.5,13.0,Square,Side Part
14.3,13.6,17.5,13.7,Round,Long Straight
13.1,10.6,18.5,13.2,Oval,Side Swept Bangs
14.7,11.1,18.0,13.9,Heart,Side Bangs
14.6,12.9,16.4,13.3,Round,Pixie Cut
15.2,10.3,18.6,13.1,Oval,Wavy Bob
14.1,13.3,19.1,13.9,Oblong,Choppy Layers
15.1,9.7,18.6,13.0,Oval,Wavy Bob
13.0,13.6,17.2,13.9,Diamond,Tousled Waves
14.9,10.4,19.0,13.3,Oval,Long Layers
13.9,14.2,17.3,14.0,Square,Soft Curls
14.9,10.9,18.8,13.9,Oval,Wavy Bob
13.4,12.8,16.8,13.9,Round,Long Straight
15.3,11.4,18.0,13.3,Heart,Textured Lob
13.0,13.0,18.2,14.2,Diamond,Tousled Waves
13.1,13.5,17.3,13.7,Diamond,Fringe
14.0,13.4,16.5,15.0,Round,Pixie Cut
14.2,10.3,17.8,13.7,Oval,Long Layers
14.7,10.0,18.9,12.9,Oval,Wavy Bob
12.8,13.5,17.4,13.2,Diamond,Tousled Waves
13.1,14.1,17.9,13.8,Square,Soft Curls
13.9,10.2,18.8,13.0,Oval,Wavy Bob
13.4,11.2,17.3,13.1,Heart,Side Bangs
14.5,13.7,17.5,13.9,Round,Pixie Cut
14.4,10.8,18.9,13.7,Oval,Side Swept Bangs
13.8,10.3,18.0,13.6,Oval,Wavy Bob
13.3,14.3,17.6,14.2,Square,Side Part
12.9,13.2,18.7,13.9,Diamond,Asymmetrical Bob
13.0,14.0,18.0,14.2,Square,Soft Curls
13.0,13.6,16.5,14.2,Round,Pixie Cut
14.2,11.7,17.2,13.4,Heart,Textured Lob
14.5,13.6,17.4,13.5,Round,Long Straight
13.8,13.5,19.3,13.2,Oblong,Choppy Layers
14.5,11.7,17.4,14.5,Heart,Textured Lob
14.4,13.5,18.2,14.1,Square,Soft Curls
14.0,13.6,17.6,14.3,Square,Soft Curls
13.9,12.0,17.6,12.9,Heart,Textured Lob
14.6,13.2,18.7,13.5,Oblong,Choppy Layers
13.7,12.0,18.0,13.3,Heart,Chin-Length Bob
14.3,10.7,19.4,13.6,Oval,Wavy Bob
14.6,13.7,17.5,14.3,Round,Layered Bob
13.5,13.2,17.6,13.0,Diamond,Fringe
14.3,13.4,19.9,12.1,Oblong,Curtain Bangs
13.8,13.1,19.5,13.2,Oblong,Shoulder Length Waves
13.5,11.1,18.0,13.5,Heart,Side Bangs
13.8,10.7,18.2,13.4,Oval,Wavy Bob
13.9,13.6,17.5,14.0,Square,Side Part
14.4,13.8,18.9,12.9,Oblong,Shoulder Length Waves
13.1,12.9,16.5,14.3,Round,Layered Bob
14.1,11.8,18.3,13.9,Heart,Chin-Length Bob
14.2,13.2,18.2,12.8,Diamond,Tousled Waves
14.0,13.8,16.6,14.3,Round,Layered Bob
14.4,13.3,16.3,13.1,Round,Long Straight
12.7,13.8,18.4,13.7,Diamond,Tousled Waves
13.8,13.6,17.2,13.4,Square,Side Part
14.6,13.4,16.5,14.6,Square,Side Part
15.0,10.9,18.4,13.6,Oval,Wavy Bob
12.7,14.0,16.4,13.9,Square,Side Part
14.4,11.1,18.4,13.8,Oval,Side Swept Bangs
14.1,10.2,18.2,13.9,Oval,Wavy Bob
15.0,11.5,18.2,13.2,Heart,Chin-Length Bob
13.3,13.9,15.8,13.0,Round,Long Straight
14.0,14.0,17.2,13.6,Square,Layered Waves
14.3,10.7,18.4,13.5,Oval,Long Layers
14.5,13.5,19.0,13.3,Oblong,Choppy Layers
14.3,12.0,17.7,13.3,Heart,Textured Lob
13.2,14.0,17.4,14.6,Square,Layered Waves
14.2,12.9,19.1,12.8,Oblong,Curtain Bangs
13.3,13.4,18.4,13.8,Diamond,Asymmetrical Bob
14.6,12.9,18.7,13.4,Oblong,Curtain Bangs
14.7,13.9,17.4,13.7,Square,Layered Waves
13.7,11.4,17.8,12.7,Heart,Chin-Length Bob
14.1,10.4,18.2,13.6,Oval,Side Swept Bangs
12.7,14.3,16.9,14.2,Round,Long Straight
15.3,11.2,17.9,13.3,Oval,Side Swept Bangs
14.4,10.4,18.1,13.0,Heart,Side Bangs
14.4,10.5,17.3,13.0,Heart,Side Bangs
14.5,13.8,18.9,13.7,Oblong,Curtain Bangs
14.6,11.9,17.3,13.1,Heart,Chin-Length Bob
13.9,12.5,19.6,13.4,Oblong,Choppy Layers
14.4,10.1,19.4,13.6,Oval,Side Swept Bangs
13.9,12.7,17.8,15.3,Diamond,Asymmetrical Bob
13.5,12.6,18.0,13.9,Diamond,Tousled Waves
14.0,13.0,19.4,13.6,Oblong,Curtain Bangs
14.7,11.0,18.1,12.7,Heart,Textured Lob
14.1,11.6,18.0,14.2,Heart,Side Bangs
14.0,13.1,19.2,12.5,Oblong,Choppy Layers
14.5,12.1,19.0,13.8,Oblong,Shoulder Length Waves
14.4,13.0,18.8,12.5,Oblong,Choppy Layers
15.2,10.2,18.2,13.5,Oval,Wavy Bob
14.4,14.2,15.4,14.6,Round,Layered Bob
13.2,13.1,17.8,13.7,Diamond,Tousled Waves
15.0,13.2,18.7,13.6,Oblong,Choppy Layers
13.5,11.8,18.0,13.4,Heart,Textured Lob
14.5,13.6,18.8,13.5,Oblong,Shoulder Length Waves
14.3,13.2,18.6,13.1,Oblong,Curtain Bangs
14.4,13.2,16.8,13.4,Round,Long Straight
14.3,12.9,17.6,14.0,Round,Layered Bob
14.3,12.0,18.4,13.0,Heart,Side Bangs
13.3,13.3,18.2,14.3,Diamond,Fringe
14.0,14.1,16.5,14.4,Round,Pixie Cut
13.8,12.8,17.5,13.5,Round,Long Straight
14.0,13.4,19.1,12.6,Oblong,Curtain Bangs
13.7,12.7,18.0,13.4,Diamond,Asymmetrical Bob
14.4,11.2,17.8,13.0,Heart,Textured Lob
13.6,12.7,18.2,13.5,Diamond,Asymmetrical Bob
14.4,13.2,17.9,13.7,Oblong,Choppy Layers
14.5,14.1,17.2,13.8,Square,Layered Waves
13.0,12.6,19.1,13.9,Diamond,Tousled Waves
13.9,11.1,16.3,13.1,Heart,Chin-Length Bob
14.6,13.7,17.6,13.8,Square,Side Part
14.6,11.5,18.1,13.8,Heart,Textured Lob
